row	column	plate	well	UID	clone	name	marker
1	1	-	-	ECK4261	ECK4261-1-1	idnK	aph(KEIO:idnK)
1	2	-	-	ECK4261	ECK4261-1-2	idnK	aph(KEIO:idnK)
1	3	-	-	ECK1461	ECK1461-1-3	narY	aph(KEIO:narY)
1	4	-	-	ECK1461	ECK1461-1-4	narY	aph(KEIO:narY)
1	5	-	-	ECK0446	ECK0446-1-5	tesB	aph(KEIO:tesB)
1	6	-	-	ECK0446	ECK0446-1-6	tesB	aph(KEIO:tesB)
1	7	-	-	ECK1608	ECK1608-1-7	manA	aph(KEIO:manA)
1	8	-	-	ECK1608	ECK1608-1-8	manA	aph(KEIO:manA)
1	9	-	-	ECK2040	ECK2040-1-9	wzxC	aph(KEIO:wzxC)
1	10	-	-	ECK2040	ECK2040-1-10	wzxC	aph(KEIO:wzxC)
1	11	-	-	ECK1801	ECK1801-1-11	yeaX	aph(KEIO:yeaX)
1	12	-	-	ECK1801	ECK1801-1-12	yeaX	aph(KEIO:yeaX)
1	13	-	-	ECK4034	ECK4034-1-13	dgkA	aph(KEIO:dgkA)
1	14	-	-	ECK4034	ECK4034-1-14	dgkA	aph(KEIO:dgkA)
1	15	-	-	ECK2125	ECK2125-1-15	bglX	aph(KEIO:bglX)
1	16	-	-	ECK2125	ECK2125-1-16	bglX	aph(KEIO:bglX)
1	17	-	-	ECK0159	ECK0159-1-17	dgt	aph(KEIO:dgt)
1	18	-	-	ECK0159	ECK0159-1-18	dgt	aph(KEIO:dgt)
1	19	-	-	ECK2198	ECK2198-1-19	napA	aph(KEIO:napA)
1	20	-	-	ECK2198	ECK2198-1-20	napA	aph(KEIO:napA)
1	21	-	-	ECK0499	ECK0499-1-21	allR	aph(KEIO:allR)
1	22	-	-	ECK0499	ECK0499-1-22	allR	aph(KEIO:allR)
1	23	-	-	ECK2450	ECK2450-1-23	eutE	aph(KEIO:eutE)
1	24	-	-	ECK2450	ECK2450-1-24	eutE	aph(KEIO:eutE)
1	25	-	-	ECK0768	ECK0768-1-25	uvrB	aph(KEIO:uvrB)
1	26	-	-	ECK0768	ECK0768-1-26	uvrB	aph(KEIO:uvrB)
1	27	-	-	ECK2701	ECK2701-1-27	gutM	aph(KEIO:gutM)
1	28	-	-	ECK2701	ECK2701-1-28	gutM	aph(KEIO:gutM)
1	29	-	-	ECK4090	ECK4090-1-29	phnK	aph(KEIO:phnK)
1	30	-	-	ECK4090	ECK4090-1-30	phnK	aph(KEIO:phnK)
1	31	-	-	ECK2722	ECK2722-1-31	hypB	aph(KEIO:hypB)
1	32	-	-	ECK2722	ECK2722-1-32	hypB	aph(KEIO:hypB)
1	33	-	-	ECK0223	ECK0223-1-33	lpcA	aph(KEIO:lpcA)
1	34	-	-	ECK0223	ECK0223-1-34	lpcA	aph(KEIO:lpcA)
1	35	-	-	ECK3051	ECK3051-1-35	ttdA	aph(KEIO:ttdA)
1	36	-	-	ECK3051	ECK3051-1-36	ttdA	aph(KEIO:ttdA)
1	37	-	-	ECK0570	ECK0570-1-37	nfsB	aph(KEIO:nfsB)
1	38	-	-	ECK0570	ECK0570-1-38	nfsB	aph(KEIO:nfsB)
1	39	-	-	ECK3353	ECK3353-1-39	nirB	aph(KEIO:nirB)
1	40	-	-	ECK3353	ECK3353-1-40	nirB	aph(KEIO:nirB)
1	41	-	-	ECK0964	ECK0964-1-41	hyaB	aph(KEIO:hyaB)
1	42	-	-	ECK0964	ECK0964-1-42	hyaB	aph(KEIO:hyaB)
1	43	-	-	ECK3414	ECK3414-1-43	glgP	aph(KEIO:glgP)
1	44	-	-	ECK3414	ECK3414-1-44	glgP	aph(KEIO:glgP)
1	45	-	-	ECK1220	ECK1220-1-45	narJ	aph(KEIO:narJ)
1	46	-	-	ECK1220	ECK1220-1-46	narJ	aph(KEIO:narJ)
1	47	-	-	ECK3560	ECK3560-1-47	malS	aph(KEIO:malS)
1	48	-	-	ECK3560	ECK3560-1-48	malS	aph(KEIO:malS)
2	1	-	-	ECK4025	ECK4025-2-1	malF	aph(KEIO:malF)
2	2	-	-	ECK4025	ECK4025-2-2	malF	aph(KEIO:malF)
2	3	-	-	ECK3129	ECK3129-2-3	agaI	aph(KEIO:agaI)
2	4	-	-	ECK3129	ECK3129-2-4	agaI	aph(KEIO:agaI)
2	5	-	-	ECK4104	ECK4104-2-5	proP	aph(KEIO:proP)
2	6	-	-	ECK4104	ECK4104-2-6	proP	aph(KEIO:proP)
2	7	-	-	ECK3276	ECK3276-2-7	trkA	aph(KEIO:trkA)
2	8	-	-	ECK3276	ECK3276-2-8	trkA	aph(KEIO:trkA)
2	9	-	-	ECK4277	ECK4277-2-9	fecE	aph(KEIO:fecE)
2	10	-	-	ECK4277	ECK4277-2-10	fecE	aph(KEIO:fecE)
2	11	-	-	ECK3435	ECK3435-2-11	ugpE	aph(KEIO:ugpE)
2	12	-	-	ECK3435	ECK3435-2-12	ugpE	aph(KEIO:ugpE)
2	13	-	-	ECK0237	ECK0237-2-13	prfH	aph(KEIO:prfH)
2	14	-	-	ECK0237	ECK0237-2-14	prfH	aph(KEIO:prfH)
2	15	-	-	ECK3462	ECK3462-2-15	nikC	aph(KEIO:nikC)
2	16	-	-	ECK3462	ECK3462-2-16	nikC	aph(KEIO:nikC)
2	17	-	-	ECK1051	ECK1051-2-17	rimJ	aph(KEIO:rimJ)
2	18	-	-	ECK1051	ECK1051-2-18	rimJ	aph(KEIO:rimJ)
2	19	-	-	ECK3530	ECK3530-2-19	dppB	aph(KEIO:dppB)
2	20	-	-	ECK3530	ECK3530-2-20	dppB	aph(KEIO:dppB)
2	21	-	-	empty	empty-2-21	empty	aph(KEIO:empty)
2	22	-	-	empty	empty-2-22	empty	aph(KEIO:empty)
2	23	-	-	ECK0035	ECK0035-2-23	caiF	aph(KEIO:caiF)
2	24	-	-	ECK0035	ECK0035-2-24	caiF	aph(KEIO:caiF)
2	25	-	-	ECK2484	ECK2484-2-25	hyfH	aph(KEIO:hyfH)
2	26	-	-	ECK2484	ECK2484-2-26	hyfH	aph(KEIO:hyfH)
2	27	-	-	ECK0422	ECK0422-2-27	cyoE	aph(KEIO:cyoE)
2	28	-	-	ECK0422	ECK0422-2-28	cyoE	aph(KEIO:cyoE)
2	29	-	-	ECK2361	ECK2361-2-29	dsdX	aph(KEIO:dsdX)
2	30	-	-	ECK2361	ECK2361-2-30	dsdX	aph(KEIO:dsdX)
2	31	-	-	ECK0927	ECK0927-2-31	ssuA	aph(KEIO:ssuA)
2	32	-	-	ECK0927	ECK0927-2-32	ssuA	aph(KEIO:ssuA)
2	33	-	-	ECK2417	ECK2417-2-33	cysA	aph(KEIO:cysA)
2	34	-	-	ECK2417	ECK2417-2-34	cysA	aph(KEIO:cysA)
2	35	-	-	ECK1304	ECK1304-2-35	ycjM	aph(KEIO:ycjM)
2	36	-	-	ECK1304	ECK1304-2-36	ycjM	aph(KEIO:ycjM)
2	37	-	-	ECK2544	ECK2544-2-37	yphE	aph(KEIO:yphE)
2	38	-	-	ECK2544	ECK2544-2-38	yphE	aph(KEIO:yphE)
2	39	-	-	ECK1845	ECK1845-2-39	exoX	aph(KEIO:exoX)
2	40	-	-	ECK1845	ECK1845-2-40	exoX	aph(KEIO:exoX)
2	41	-	-	ECK2791	ECK2791-2-41	sdaC	aph(KEIO:sdaC)
2	42	-	-	ECK2791	ECK2791-2-42	sdaC	aph(KEIO:sdaC)
2	43	-	-	ECK1948	ECK1948-2-43	fliR	aph(KEIO:fliR)
2	44	-	-	ECK1948	ECK1948-2-44	fliR	aph(KEIO:fliR)
2	45	-	-	ECK2998	ECK2998-2-45	exbD	aph(KEIO:exbD)
2	46	-	-	ECK2998	ECK2998-2-46	exbD	aph(KEIO:exbD)
2	47	-	-	ECK2262	ECK2262-2-47	rbn	aph(KEIO:rbn)
2	48	-	-	ECK2262	ECK2262-2-48	rbn	aph(KEIO:rbn)
3	1	-	-	empty	empty-3-1	empty	aph(KEIO:empty)
3	2	-	-	empty	empty-3-2	empty	aph(KEIO:empty)
3	3	-	-	ECK0750	ECK0750-3-3	modE	aph(KEIO:modE)
3	4	-	-	ECK0750	ECK0750-3-4	modE	aph(KEIO:modE)
3	5	-	-	ECK3885	ECK3885-3-5	fdoI	aph(KEIO:fdoI)
3	6	-	-	ECK3885	ECK3885-3-6	fdoI	aph(KEIO:fdoI)
3	7	-	-	ECK0821	ECK0821-3-7	gsiC	aph(KEIO:gsiC)
3	8	-	-	ECK0821	ECK0821-3-8	gsiC	aph(KEIO:gsiC)
3	9	-	-	ECK1802	ECK1802-3-9	rnd	aph(KEIO:rnd)
3	10	-	-	ECK1802	ECK1802-3-10	rnd	aph(KEIO:rnd)
3	11	-	-	ECK0895	ECK0895-3-11	focA	aph(KEIO:focA)
3	12	-	-	ECK0895	ECK0895-3-12	focA	aph(KEIO:focA)
3	13	-	-	ECK2177	ECK2177-3-13	rsuA	aph(KEIO:rsuA)
3	14	-	-	ECK2177	ECK2177-3-14	rsuA	aph(KEIO:rsuA)
3	15	-	-	ECK1110	ECK1110-3-15	potC	aph(KEIO:potC)
3	16	-	-	ECK1110	ECK1110-3-16	potC	aph(KEIO:potC)
3	17	-	-	ECK2567	ECK2567-3-17	lepA	aph(KEIO:lepA)
3	18	-	-	ECK2567	ECK2567-3-18	lepA	aph(KEIO:lepA)
3	19	-	-	ECK1287	ECK1287-3-19	sapC	aph(KEIO:sapC)
3	20	-	-	ECK1287	ECK1287-3-20	sapC	aph(KEIO:sapC)
3	21	-	-	ECK3632	ECK3632-3-21	pyrE	aph(KEIO:pyrE)
3	22	-	-	ECK3632	ECK3632-3-22	pyrE	aph(KEIO:pyrE)
3	23	-	-	ECK1437	ECK1437-3-23	ydcV	aph(KEIO:ydcV)
3	24	-	-	ECK1437	ECK1437-3-24	ydcV	aph(KEIO:ydcV)
3	25	-	-	ECK4240	ECK4240-3-25	pyrB	aph(KEIO:pyrB)
3	26	-	-	ECK4240	ECK4240-3-26	pyrB	aph(KEIO:pyrB)
3	27	-	-	ECK1521	ECK1521-3-27	ydeA	aph(KEIO:ydeA)
3	28	-	-	ECK1521	ECK1521-3-28	ydeA	aph(KEIO:ydeA)
3	29	-	-	ECK0497	ECK0497-3-29	allS	aph(KEIO:allS)
3	30	-	-	ECK0497	ECK0497-3-30	allS	aph(KEIO:allS)
3	31	-	-	ECK1735	ECK1735-3-31	chbC	aph(KEIO:chbC)
3	32	-	-	ECK1735	ECK1735-3-32	chbC	aph(KEIO:chbC)
3	33	-	-	ECK1558	ECK1558-3-33	relB	aph(KEIO:relB)
3	34	-	-	ECK1558	ECK1558-3-34	relB	aph(KEIO:relB)
3	35	-	-	ECK1898	ECK1898-3-35	araG	aph(KEIO:araG)
3	36	-	-	ECK1898	ECK1898-3-36	araG	aph(KEIO:araG)
3	37	-	-	ECK3096	ECK3096-3-37	yhaJ	aph(KEIO:yhaJ)
3	38	-	-	ECK3096	ECK3096-3-38	yhaJ	aph(KEIO:yhaJ)
3	39	-	-	ECK2122	ECK2122-3-39	yehX	aph(KEIO:yehX)
3	40	-	-	ECK2122	ECK2122-3-40	yehX	aph(KEIO:yehX)
3	41	-	-	ECK4100	ECK4100-3-41	yjdN	aph(KEIO:yjdN)
3	42	-	-	ECK4100	ECK4100-3-42	yjdN	aph(KEIO:yjdN)
3	43	-	-	ECK3719	ECK3719-3-43	pstA	aph(KEIO:pstA)
3	44	-	-	ECK3719	ECK3719-3-44	pstA	aph(KEIO:pstA)
3	45	-	-	ECK0645	ECK0645-3-45	gltL	aph(KEIO:gltL)
3	46	-	-	ECK0645	ECK0645-3-46	gltL	aph(KEIO:gltL)
3	47	-	-	ECK3909	ECK3909-3-47	sbp	aph(KEIO:sbp)
3	48	-	-	ECK3909	ECK3909-3-48	sbp	aph(KEIO:sbp)
4	1	-	-	ECK2486	ECK2486-4-1	hyfJ	aph(KEIO:hyfJ)
4	2	-	-	ECK2486	ECK2486-4-2	hyfJ	aph(KEIO:hyfJ)
4	3	-	-	ECK1126	ECK1126-4-3	intE	aph(KEIO:intE)
4	4	-	-	ECK1126	ECK1126-4-4	intE	aph(KEIO:intE)
4	5	-	-	ECK2943	ECK2943-4-5	yqgE	aph(KEIO:yqgE)
4	6	-	-	ECK2943	ECK2943-4-6	yqgE	aph(KEIO:yqgE)
4	7	-	-	ECK1348	ECK1348-4-7	racC	aph(KEIO:racC)
4	8	-	-	ECK1348	ECK1348-4-8	racC	aph(KEIO:racC)
4	9	-	-	ECK3121	ECK3121-4-9	agaV	aph(KEIO:agaV)
4	10	-	-	ECK3121	ECK3121-4-10	agaV	aph(KEIO:agaV)
4	11	-	-	ECK1551	ECK1551-4-11	cspB	aph(KEIO:cspB)
4	12	-	-	ECK1551	ECK1551-4-12	cspB	aph(KEIO:cspB)
4	13	-	-	ECK3245	ECK3245-4-13	panF	aph(KEIO:panF)
4	14	-	-	ECK3245	ECK3245-4-14	panF	aph(KEIO:panF)
4	15	-	-	ECK2079	ECK2079-4-15	ogrK	aph(KEIO:ogrK)
4	16	-	-	ECK2079	ECK2079-4-16	ogrK	aph(KEIO:ogrK)
4	17	-	-	empty	empty-4-17	empty	aph(KEIO:empty)
4	18	-	-	empty	empty-4-18	empty	aph(KEIO:empty)
4	19	-	-	ECK2491	ECK2491-4-19	yfgD	aph(KEIO:yfgD)
4	20	-	-	ECK2491	ECK2491-4-20	yfgD	aph(KEIO:yfgD)
4	21	-	-	ECK3626	ECK3626-4-21	rpmG	aph(KEIO:rpmG)
4	22	-	-	ECK3626	ECK3626-4-22	rpmG	aph(KEIO:rpmG)
4	23	-	-	ECK3042	ECK3042-4-23	rfaE	aph(KEIO:rfaE)
4	24	-	-	ECK3042	ECK3042-4-24	rfaE	aph(KEIO:rfaE)
4	25	-	-	empty	empty-4-25	empty	aph(KEIO:empty)
4	26	-	-	empty	empty-4-26	empty	aph(KEIO:empty)
4	27	-	-	ECK3543	ECK3543-4-27	cspA	aph(KEIO:cspA)
4	28	-	-	ECK3543	ECK3543-4-28	cspA	aph(KEIO:cspA)
4	29	-	-	ECK0541	ECK0541-4-29	rusA	aph(KEIO:rusA)
4	30	-	-	ECK0541	ECK0541-4-30	rusA	aph(KEIO:rusA)
4	31	-	-	ECK3444	ECK3444-4-31	livJ	aph(KEIO:livJ)
4	32	-	-	ECK3444	ECK3444-4-32	livJ	aph(KEIO:livJ)
4	33	-	-	ECK3408	ECK3408-4-33	rtcR	aph(KEIO:rtcR)
4	34	-	-	ECK3408	ECK3408-4-34	rtcR	aph(KEIO:rtcR)
4	35	-	-	ECK3642	ECK3642-4-35	recG	aph(KEIO:recG)
4	36	-	-	ECK3642	ECK3642-4-36	recG	aph(KEIO:recG)
4	37	-	-	ECK0110	ECK0110-4-37	ampE	aph(KEIO:ampE)
4	38	-	-	ECK0110	ECK0110-4-38	ampE	aph(KEIO:ampE)
4	39	-	-	ECK3918	ECK3918-4-39	glpK	aph(KEIO:glpK)
4	40	-	-	ECK3918	ECK3918-4-40	glpK	aph(KEIO:glpK)
4	41	-	-	ECK0501	ECK0501-4-41	hyi	aph(KEIO:hyi)
4	42	-	-	ECK0501	ECK0501-4-42	hyi	aph(KEIO:hyi)
4	43	-	-	ECK4133	ECK4133-4-43	aspA	aph(KEIO:aspA)
4	44	-	-	ECK4133	ECK4133-4-44	aspA	aph(KEIO:aspA)
4	45	-	-	ECK0726	ECK0726-4-45	tolQ	aph(KEIO:tolQ)
4	46	-	-	ECK0726	ECK0726-4-46	tolQ	aph(KEIO:tolQ)
4	47	-	-	ECK4294	ECK4294-4-47	sgcB	aph(KEIO:sgcB)
4	48	-	-	ECK4294	ECK4294-4-48	sgcB	aph(KEIO:sgcB)
5	1	-	-	ECK4313	ECK4313-5-1	uxuA	aph(KEIO:uxuA)
5	2	-	-	ECK4313	ECK4313-5-2	uxuA	aph(KEIO:uxuA)
5	3	-	-	ECK1462	ECK1462-5-3	narZ	aph(KEIO:narZ)
5	4	-	-	ECK1462	ECK1462-5-4	narZ	aph(KEIO:narZ)
5	5	-	-	ECK0470	ECK0470-5-5	aes	aph(KEIO:aes)
5	6	-	-	ECK0470	ECK0470-5-6	aes	aph(KEIO:aes)
5	7	-	-	ECK1611	ECK1611-5-7	uidB	aph(KEIO:uidB)
5	8	-	-	ECK1611	ECK1611-5-8	uidB	aph(KEIO:uidB)
5	9	-	-	ECK2217	ECK2217-5-9	atoB	aph(KEIO:atoB)
5	10	-	-	ECK2217	ECK2217-5-10	atoB	aph(KEIO:atoB)
5	11	-	-	ECK1826	ECK1826-5-11	kdgR	aph(KEIO:kdgR)
5	12	-	-	ECK1826	ECK1826-5-12	kdgR	aph(KEIO:kdgR)
5	13	-	-	ECK4062	ECK4062-5-13	acs	aph(KEIO:acs)
5	14	-	-	ECK4062	ECK4062-5-14	acs	aph(KEIO:acs)
5	15	-	-	ECK2161	ECK2161-5-15	fruK	aph(KEIO:fruK)
5	16	-	-	ECK2161	ECK2161-5-16	fruK	aph(KEIO:fruK)
5	17	-	-	ECK0182	ECK0182-5-17	rnhB	aph(KEIO:rnhB)
5	18	-	-	ECK0182	ECK0182-5-18	rnhB	aph(KEIO:rnhB)
5	19	-	-	ECK2200	ECK2200-5-19	napF	aph(KEIO:napF)
5	20	-	-	ECK2200	ECK2200-5-20	napF	aph(KEIO:napF)
5	21	-	-	ECK0505	ECK0505-5-21	allB	aph(KEIO:allB)
5	22	-	-	ECK0505	ECK0505-5-22	allB	aph(KEIO:allB)
5	23	-	-	ECK2522	ECK2522-5-23	fdx	aph(KEIO:fdx)
5	24	-	-	ECK2522	ECK2522-5-24	fdx	aph(KEIO:fdx)
5	25	-	-	ECK0879	ECK0879-5-25	trxB	aph(KEIO:trxB)
5	26	-	-	ECK0879	ECK0879-5-26	trxB	aph(KEIO:trxB)
5	27	-	-	ECK2707	ECK2707-5-27	hypF	aph(KEIO:hypF)
5	28	-	-	ECK2707	ECK2707-5-28	hypF	aph(KEIO:hypF)
5	29	-	-	ECK4092	ECK4092-5-29	phnI	aph(KEIO:phnI)
5	30	-	-	ECK4092	ECK4092-5-30	phnI	aph(KEIO:phnI)
5	31	-	-	ECK2723	ECK2723-5-31	hypC	aph(KEIO:hypC)
5	32	-	-	ECK2723	ECK2723-5-32	hypC	aph(KEIO:hypC)
5	33	-	-	ECK0342	ECK0342-5-33	lacI	aph(KEIO:lacI)
5	34	-	-	ECK0342	ECK0342-5-34	lacI	aph(KEIO:lacI)
5	35	-	-	ECK3052	ECK3052-5-35	ttdB	aph(KEIO:ttdB)
5	36	-	-	ECK3052	ECK3052-5-36	ttdB	aph(KEIO:ttdB)
5	37	-	-	ECK0607	ECK0607-5-37	citX	aph(KEIO:citX)
5	38	-	-	ECK0607	ECK0607-5-38	citX	aph(KEIO:citX)
5	39	-	-	ECK3354	ECK3354-5-39	nirD	aph(KEIO:nirD)
5	40	-	-	ECK3354	ECK3354-5-40	nirD	aph(KEIO:nirD)
5	41	-	-	ECK0965	ECK0965-5-41	hyaC	aph(KEIO:hyaC)
5	42	-	-	ECK0965	ECK0965-5-42	hyaC	aph(KEIO:hyaC)
5	43	-	-	ECK3415	ECK3415-5-43	glgA	aph(KEIO:glgA)
5	44	-	-	ECK3415	ECK3415-5-44	glgA	aph(KEIO:glgA)
5	45	-	-	ECK1221	ECK1221-5-45	narI	aph(KEIO:narI)
5	46	-	-	ECK1221	ECK1221-5-46	narI	aph(KEIO:narI)
5	47	-	-	ECK3562	ECK3562-5-47	ysaA	aph(KEIO:ysaA)
5	48	-	-	ECK3562	ECK3562-5-48	ysaA	aph(KEIO:ysaA)
6	1	-	-	ECK4026	ECK4026-6-1	malE	aph(KEIO:malE)
6	2	-	-	ECK4026	ECK4026-6-2	malE	aph(KEIO:malE)
6	3	-	-	ECK3149	ECK3149-6-3	mtr	aph(KEIO:mtr)
6	4	-	-	ECK3149	ECK3149-6-4	mtr	aph(KEIO:mtr)
6	5	-	-	ECK4113	ECK4113-6-5	melB	aph(KEIO:melB)
6	6	-	-	ECK4113	ECK4113-6-6	melB	aph(KEIO:melB)
6	7	-	-	ECK3277	ECK3277-6-7	mscL	aph(KEIO:mscL)
6	8	-	-	ECK3277	ECK3277-6-8	mscL	aph(KEIO:mscL)
6	9	-	-	ECK4279	ECK4279-6-9	fecC	aph(KEIO:fecC)
6	10	-	-	ECK4279	ECK4279-6-10	fecC	aph(KEIO:fecC)
6	11	-	-	ECK3436	ECK3436-6-11	ugpA	aph(KEIO:ugpA)
6	12	-	-	ECK3436	ECK3436-6-12	ugpA	aph(KEIO:ugpA)
6	13	-	-	ECK0399	ECK0399-6-13	queA	aph(KEIO:queA)
6	14	-	-	ECK0399	ECK0399-6-14	queA	aph(KEIO:queA)
6	15	-	-	ECK3463	ECK3463-6-15	nikD	aph(KEIO:nikD)
6	16	-	-	ECK3463	ECK3463-6-16	nikD	aph(KEIO:nikD)
6	17	-	-	ECK1071	ECK1071-6-17	rluC	aph(KEIO:rluC)
6	18	-	-	ECK1071	ECK1071-6-18	rluC	aph(KEIO:rluC)
6	19	-	-	ECK3555	ECK3555-6-19	xylF	aph(KEIO:xylF)
6	20	-	-	ECK3555	ECK3555-6-20	xylF	aph(KEIO:xylF)
6	21	-	-	ECK2248	ECK2248-6-21	arnA	aph(KEIO:arnA)
6	22	-	-	ECK2248	ECK2248-6-22	arnA	aph(KEIO:arnA)
6	23	-	-	ECK0069	ECK0069-6-23	tbpA	aph(KEIO:tbpA)
6	24	-	-	ECK0069	ECK0069-6-24	tbpA	aph(KEIO:tbpA)
6	25	-	-	empty	empty-6-25	empty	aph(KEIO:empty)
6	26	-	-	empty	empty-6-26	empty	aph(KEIO:empty)
6	27	-	-	ECK0504	ECK0504-6-27	ybbW	aph(KEIO:ybbW)
6	28	-	-	ECK0504	ECK0504-6-28	ybbW	aph(KEIO:ybbW)
6	29	-	-	ECK2379	ECK2379-6-29	fryA	aph(KEIO:fryA)
6	30	-	-	ECK2379	ECK2379-6-30	fryA	aph(KEIO:fryA)
6	31	-	-	ECK1037	ECK1037-6-31	msyB	aph(KEIO:msyB)
6	32	-	-	ECK1037	ECK1037-6-32	msyB	aph(KEIO:msyB)
6	33	-	-	ECK2419	ECK2419-6-33	cysU	aph(KEIO:cysU)
6	34	-	-	ECK2419	ECK2419-6-34	cysU	aph(KEIO:cysU)
6	35	-	-	ECK1326	ECK1326-6-35	mppA	aph(KEIO:mppA)
6	36	-	-	ECK1326	ECK1326-6-36	mppA	aph(KEIO:mppA)
6	37	-	-	ECK2657	ECK2657-6-37	gabP	aph(KEIO:gabP)
6	38	-	-	ECK2657	ECK2657-6-38	gabP	aph(KEIO:gabP)
6	39	-	-	ECK1873	ECK1873-6-39	torZ	aph(KEIO:torZ)
6	40	-	-	ECK1873	ECK1873-6-40	torZ	aph(KEIO:torZ)
6	41	-	-	ECK2796	ECK2796-6-41	fucP	aph(KEIO:fucP)
6	42	-	-	ECK2796	ECK2796-6-42	fucP	aph(KEIO:fucP)
6	43	-	-	ECK2005	ECK2005-6-43	sbcB	aph(KEIO:sbcB)
6	44	-	-	ECK2005	ECK2005-6-44	sbcB	aph(KEIO:sbcB)
6	45	-	-	ECK2999	ECK2999-6-45	exbB	aph(KEIO:exbB)
6	46	-	-	ECK2999	ECK2999-6-46	exbB	aph(KEIO:exbB)
6	47	-	-	ECK2343	ECK2343-6-47	intS	aph(KEIO:intS)
6	48	-	-	ECK2343	ECK2343-6-48	intS	aph(KEIO:intS)
7	1	-	-	empty	empty-7-1	empty	aph(KEIO:empty)
7	2	-	-	empty	empty-7-2	empty	aph(KEIO:empty)
7	3	-	-	ECK0753	ECK0753-7-3	modB	aph(KEIO:modB)
7	4	-	-	ECK0753	ECK0753-7-4	modB	aph(KEIO:modB)
7	5	-	-	ECK3887	ECK3887-7-5	fdoG	aph(KEIO:fdoG)
7	6	-	-	ECK3887	ECK3887-7-6	fdoG	aph(KEIO:fdoG)
7	7	-	-	ECK0832	ECK0832-7-7	mdfA	aph(KEIO:mdfA)
7	8	-	-	ECK0832	ECK0832-7-8	mdfA	aph(KEIO:mdfA)
7	9	-	-	ECK1850	ECK1850-7-9	purT	aph(KEIO:purT)
7	10	-	-	ECK1850	ECK1850-7-10	purT	aph(KEIO:purT)
7	11	-	-	ECK0924	ECK0924-7-11	ssuB	aph(KEIO:ssuB)
7	12	-	-	ECK0924	ECK0924-7-12	ssuB	aph(KEIO:ssuB)
7	13	-	-	ECK2306	ECK2306-7-13	purF	aph(KEIO:purF)
7	14	-	-	ECK2306	ECK2306-7-14	purF	aph(KEIO:purF)
7	15	-	-	ECK1112	ECK1112-7-15	potA	aph(KEIO:potA)
7	16	-	-	ECK1112	ECK1112-7-16	potA	aph(KEIO:potA)
7	17	-	-	ECK2592	ECK2592-7-17	rluD	aph(KEIO:rluD)
7	18	-	-	ECK2592	ECK2592-7-18	rluD	aph(KEIO:rluD)
7	19	-	-	ECK1288	ECK1288-7-19	sapB	aph(KEIO:sapB)
7	20	-	-	ECK1288	ECK1288-7-20	sapB	aph(KEIO:sapB)
7	21	-	-	ECK3879	ECK3879-7-21	yihY	aph(KEIO:yihY)
7	22	-	-	ECK3879	ECK3879-7-22	yihY	aph(KEIO:yihY)
7	23	-	-	ECK1477	ECK1477-7-23	ddpF	aph(KEIO:ddpF)
7	24	-	-	ECK1477	ECK1477-7-24	ddpF	aph(KEIO:ddpF)
7	25	-	-	ECK4340	ECK4340-7-25	hsdR	aph(KEIO:hsdR)
7	26	-	-	ECK4340	ECK4340-7-26	hsdR	aph(KEIO:hsdR)
7	27	-	-	ECK1600	ECK1600-7-27	ydgI	aph(KEIO:ydgI)
7	28	-	-	ECK1600	ECK1600-7-28	ydgI	aph(KEIO:ydgI)
7	29	-	-	empty	empty-7-29	empty	aph(KEIO:empty)
7	30	-	-	empty	empty-7-30	empty	aph(KEIO:empty)
7	31	-	-	ECK1736	ECK1736-7-31	chbB	aph(KEIO:chbB)
7	32	-	-	ECK1736	ECK1736-7-32	chbB	aph(KEIO:chbB)
7	33	-	-	ECK2119	ECK2119-7-33	mlrA	aph(KEIO:mlrA)
7	34	-	-	ECK2119	ECK2119-7-34	mlrA	aph(KEIO:mlrA)
7	35	-	-	ECK1899	ECK1899-7-35	araF	aph(KEIO:araF)
7	36	-	-	ECK1899	ECK1899-7-36	araF	aph(KEIO:araF)
7	37	-	-	ECK3217	ECK3217-7-37	sspB	aph(KEIO:sspB)
7	38	-	-	ECK3217	ECK3217-7-38	sspB	aph(KEIO:sspB)
7	39	-	-	ECK2141	ECK2141-7-39	mglC	aph(KEIO:mglC)
7	40	-	-	ECK2141	ECK2141-7-40	mglC	aph(KEIO:mglC)
7	41	-	-	ECK4389	ECK4389-7-41	creA	aph(KEIO:creA)
7	42	-	-	ECK4389	ECK4389-7-42	creA	aph(KEIO:creA)
7	43	-	-	ECK3720	ECK3720-7-43	pstC	aph(KEIO:pstC)
7	44	-	-	ECK3720	ECK3720-7-44	pstC	aph(KEIO:pstC)
7	45	-	-	ECK0646	ECK0646-7-45	gltK	aph(KEIO:gltK)
7	46	-	-	ECK0646	ECK0646-7-46	gltK	aph(KEIO:gltK)
7	47	-	-	ECK3919	ECK3919-7-47	glpF	aph(KEIO:glpF)
7	48	-	-	ECK3919	ECK3919-7-48	glpF	aph(KEIO:glpF)
8	1	-	-	ECK2494	ECK2494-8-1	upp	aph(KEIO:upp)
8	2	-	-	ECK2494	ECK2494-8-2	upp	aph(KEIO:upp)
8	3	-	-	ECK1127	ECK1127-8-3	xisE	aph(KEIO:xisE)
8	4	-	-	ECK1127	ECK1127-8-4	xisE	aph(KEIO:xisE)
8	5	-	-	ECK2945	ECK2945-8-5	yggR	aph(KEIO:yggR)
8	6	-	-	ECK2945	ECK2945-8-6	yggR	aph(KEIO:yggR)
8	7	-	-	ECK1383	ECK1383-8-7	tynA	aph(KEIO:tynA)
8	8	-	-	ECK1383	ECK1383-8-8	tynA	aph(KEIO:tynA)
8	9	-	-	ECK3145	ECK3145-8-9	yhbT	aph(KEIO:yhbT)
8	10	-	-	ECK3145	ECK3145-8-10	yhbT	aph(KEIO:yhbT)
8	11	-	-	ECK1552	ECK1552-8-11	cspF	aph(KEIO:cspF)
8	12	-	-	ECK1552	ECK1552-8-12	cspF	aph(KEIO:cspF)
8	13	-	-	ECK3278	ECK3278-8-13	arfA	aph(KEIO:arfA)
8	14	-	-	ECK3278	ECK3278-8-14	arfA	aph(KEIO:arfA)
8	15	-	-	ECK2137	ECK2137-8-15	sanA	aph(KEIO:sanA)
8	16	-	-	ECK2137	ECK2137-8-16	sanA	aph(KEIO:sanA)
8	17	-	-	ECK3155	ECK3155-8-17	truB	aph(KEIO:truB)
8	18	-	-	ECK3155	ECK3155-8-18	truB	aph(KEIO:truB)
8	19	-	-	ECK2526	ECK2526-8-19	iscU	aph(KEIO:iscU)
8	20	-	-	ECK2526	ECK2526-8-20	iscU	aph(KEIO:iscU)
8	21	-	-	ECK3832	ECK3832-8-21	tatC	aph(KEIO:tatC)
8	22	-	-	ECK3832	ECK3832-8-22	tatC	aph(KEIO:tatC)
8	23	-	-	ECK3253	ECK3253-8-23	acrF	aph(KEIO:acrF)
8	24	-	-	ECK3253	ECK3253-8-24	acrF	aph(KEIO:acrF)
8	25	-	-	ECK4167	ECK4167-8-25	miaA	aph(KEIO:miaA)
8	26	-	-	ECK4167	ECK4167-8-26	miaA	aph(KEIO:miaA)
8	27	-	-	ECK3679	ECK3679-8-27	ibpA	aph(KEIO:ibpA)
8	28	-	-	ECK3679	ECK3679-8-28	ibpA	aph(KEIO:ibpA)
8	29	-	-	ECK0786	ECK0786-8-29	rhlE	aph(KEIO:rhlE)
8	30	-	-	ECK0786	ECK0786-8-30	rhlE	aph(KEIO:rhlE)
8	31	-	-	ECK3487	ECK3487-8-31	arsB	aph(KEIO:arsB)
8	32	-	-	ECK3487	ECK3487-8-32	arsB	aph(KEIO:arsB)
8	33	-	-	ECK3486	ECK3486-8-33	arsR	aph(KEIO:arsR)
8	34	-	-	ECK3486	ECK3486-8-34	arsR	aph(KEIO:arsR)
8	35	-	-	ECK3677	ECK3677-8-35	yidE	aph(KEIO:yidE)
8	36	-	-	ECK3677	ECK3677-8-36	yidE	aph(KEIO:yidE)
8	37	-	-	ECK0280	ECK0280-8-37	intF	aph(KEIO:intF)
8	38	-	-	ECK0280	ECK0280-8-38	intF	aph(KEIO:intF)
8	39	-	-	ECK3932	ECK3932-8-39	metL	aph(KEIO:metL)
8	40	-	-	ECK3932	ECK3932-8-40	metL	aph(KEIO:metL)
8	41	-	-	ECK0531	ECK0531-8-41	ybcC	aph(KEIO:ybcC)
8	42	-	-	ECK0531	ECK0531-8-42	ybcC	aph(KEIO:ybcC)
8	43	-	-	ECK4134	ECK4134-8-43	fxsA	aph(KEIO:fxsA)
8	44	-	-	ECK4134	ECK4134-8-44	fxsA	aph(KEIO:fxsA)
8	45	-	-	ECK0727	ECK0727-8-45	tolR	aph(KEIO:tolR)
8	46	-	-	ECK0727	ECK0727-8-46	tolR	aph(KEIO:tolR)
8	47	-	-	ECK4367	ECK4367-8-47	osmY	aph(KEIO:osmY)
8	48	-	-	ECK4367	ECK4367-8-48	osmY	aph(KEIO:osmY)
9	1	-	-	ECK4314	ECK4314-9-1	uxuB	aph(KEIO:uxuB)
9	2	-	-	ECK4314	ECK4314-9-2	uxuB	aph(KEIO:uxuB)
9	3	-	-	ECK1468	ECK1468-9-3	fdnG	aph(KEIO:fdnG)
9	4	-	-	ECK1468	ECK1468-9-4	fdnG	aph(KEIO:fdnG)
9	5	-	-	ECK0981	ECK0981-9-5	ymcE	aph(KEIO:ymcE)
9	6	-	-	ECK0981	ECK0981-9-6	ymcE	aph(KEIO:ymcE)
9	7	-	-	ECK1612	ECK1612-9-7	uidA	aph(KEIO:uidA)
9	8	-	-	ECK1612	ECK1612-9-8	uidA	aph(KEIO:uidA)
9	9	-	-	ECK2435	ECK2435-9-9	eutC	aph(KEIO:eutC)
9	10	-	-	ECK2435	ECK2435-9-10	eutC	aph(KEIO:eutC)
9	11	-	-	ECK1851	ECK1851-9-11	eda	aph(KEIO:eda)
9	12	-	-	ECK1851	ECK1851-9-12	eda	aph(KEIO:eda)
9	13	-	-	ECK0031	ECK0031-9-13	rihC	aph(KEIO:rihC)
9	14	-	-	ECK0031	ECK0031-9-14	rihC	aph(KEIO:rihC)
9	15	-	-	ECK2186	ECK2186-9-15	ccmH	aph(KEIO:ccmH)
9	16	-	-	ECK2186	ECK2186-9-16	ccmH	aph(KEIO:ccmH)
9	17	-	-	ECK0214	ECK0214-9-17	rnhA	aph(KEIO:rnhA)
9	18	-	-	ECK0214	ECK0214-9-18	rnhA	aph(KEIO:rnhA)
9	19	-	-	ECK2214	ECK2214-9-19	atoD	aph(KEIO:atoD)
9	20	-	-	ECK2214	ECK2214-9-20	atoD	aph(KEIO:atoD)
9	21	-	-	ECK0515	ECK0515-9-21	purK	aph(KEIO:purK)
9	22	-	-	ECK0515	ECK0515-9-22	purK	aph(KEIO:purK)
9	23	-	-	ECK2536	ECK2536-9-23	hcaF	aph(KEIO:hcaF)
9	24	-	-	ECK2536	ECK2536-9-24	hcaF	aph(KEIO:hcaF)
9	25	-	-	ECK0901	ECK0901-9-25	cmk	aph(KEIO:cmk)
9	26	-	-	ECK0901	ECK0901-9-26	cmk	aph(KEIO:cmk)
9	27	-	-	ECK2708	ECK2708-9-27	hydN	aph(KEIO:hydN)
9	28	-	-	ECK2708	ECK2708-9-28	hydN	aph(KEIO:hydN)
9	29	-	-	ECK4094	ECK4094-9-29	phnG	aph(KEIO:phnG)
9	30	-	-	ECK4094	ECK4094-9-30	phnG	aph(KEIO:phnG)
9	31	-	-	ECK2724	ECK2724-9-31	hypD	aph(KEIO:hypD)
9	32	-	-	ECK2724	ECK2724-9-32	hypD	aph(KEIO:hypD)
9	33	-	-	ECK0344	ECK0344-9-33	mhpA	aph(KEIO:mhpA)
9	34	-	-	ECK0344	ECK0344-9-34	mhpA	aph(KEIO:mhpA)
9	35	-	-	ECK3066	ECK3066-9-35	ebgA	aph(KEIO:ebgA)
9	36	-	-	ECK3066	ECK3066-9-36	ebgA	aph(KEIO:ebgA)
9	37	-	-	ECK0610	ECK0610-9-37	citD	aph(KEIO:citD)
9	38	-	-	ECK0610	ECK0610-9-38	citD	aph(KEIO:citD)
9	39	-	-	ECK3366	ECK3366-9-39	php	aph(KEIO:php)
9	40	-	-	ECK3366	ECK3366-9-40	php	aph(KEIO:php)
9	41	-	-	ECK0967	ECK0967-9-41	hyaE	aph(KEIO:hyaE)
9	42	-	-	ECK0967	ECK0967-9-42	hyaE	aph(KEIO:hyaE)
9	43	-	-	ECK3417	ECK3417-9-43	glgX	aph(KEIO:glgX)
9	44	-	-	ECK3417	ECK3417-9-44	glgX	aph(KEIO:glgX)
9	45	-	-	ECK1231	ECK1231-9-45	galU	aph(KEIO:galU)
9	46	-	-	ECK1231	ECK1231-9-46	galU	aph(KEIO:galU)
9	47	-	-	ECK3569	ECK3569-9-47	lyxK	aph(KEIO:lyxK)
9	48	-	-	ECK3569	ECK3569-9-48	lyxK	aph(KEIO:lyxK)
10	1	-	-	ECK4027	ECK4027-10-1	malK	aph(KEIO:malK)
10	2	-	-	ECK4027	ECK4027-10-2	malK	aph(KEIO:malK)
10	3	-	-	ECK3184	ECK3184-10-3	mlaF	aph(KEIO:mlaF)
10	4	-	-	ECK3184	ECK3184-10-4	mlaF	aph(KEIO:mlaF)
10	5	-	-	ECK4116	ECK4116-10-5	dcuB	aph(KEIO:dcuB)
10	6	-	-	ECK4116	ECK4116-10-6	dcuB	aph(KEIO:dcuB)
10	7	-	-	ECK3323	ECK3323-10-7	bfr	aph(KEIO:bfr)
10	8	-	-	ECK3323	ECK3323-10-8	bfr	aph(KEIO:bfr)
10	9	-	-	ECK4281	ECK4281-10-9	fecA	aph(KEIO:fecA)
10	10	-	-	ECK4281	ECK4281-10-10	fecA	aph(KEIO:fecA)
10	11	-	-	ECK3437	ECK3437-10-11	ugpB	aph(KEIO:ugpB)
10	12	-	-	ECK3437	ECK3437-10-12	ugpB	aph(KEIO:ugpB)
10	13	-	-	ECK0400	ECK0400-10-13	tgt	aph(KEIO:tgt)
10	14	-	-	ECK0400	ECK0400-10-14	tgt	aph(KEIO:tgt)
10	15	-	-	ECK3464	ECK3464-10-15	nikE	aph(KEIO:nikE)
10	16	-	-	ECK3464	ECK3464-10-16	nikE	aph(KEIO:nikE)
10	17	-	-	ECK1075	ECK1075-10-17	rpmF	aph(KEIO:rpmF)
10	18	-	-	ECK1075	ECK1075-10-18	rpmF	aph(KEIO:rpmF)
10	19	-	-	ECK3556	ECK3556-10-19	xylG	aph(KEIO:xylG)
10	20	-	-	ECK3556	ECK3556-10-20	xylG	aph(KEIO:xylG)
10	21	-	-	ECK2312	ECK2312-10-21	truA	aph(KEIO:truA)
10	22	-	-	ECK2312	ECK2312-10-22	truA	aph(KEIO:truA)
10	23	-	-	ECK0079	ECK0079-10-23	ilvI	aph(KEIO:ilvI)
10	24	-	-	ECK0079	ECK0079-10-24	ilvI	aph(KEIO:ilvI)
10	25	-	-	ECK2160	ECK2160-10-25	fruA	aph(KEIO:fruA)
10	26	-	-	ECK2160	ECK2160-10-26	fruA	aph(KEIO:fruA)
10	27	-	-	ECK0598	ECK0598-10-27	dsbG	aph(KEIO:dsbG)
10	28	-	-	ECK0598	ECK0598-10-28	dsbG	aph(KEIO:dsbG)
10	29	-	-	ECK2387	ECK2387-10-29	mntH	aph(KEIO:mntH)
10	30	-	-	ECK2387	ECK2387-10-30	mntH	aph(KEIO:mntH)
10	31	-	-	ECK1111	ECK1111-10-31	potB	aph(KEIO:potB)
10	32	-	-	ECK1111	ECK1111-10-32	potB	aph(KEIO:potB)
10	33	-	-	ECK2420	ECK2420-10-33	cysP	aph(KEIO:cysP)
10	34	-	-	ECK2420	ECK2420-10-34	cysP	aph(KEIO:cysP)
10	35	-	-	ECK1382	ECK1382-10-35	feaB	aph(KEIO:feaB)
10	36	-	-	ECK1382	ECK1382-10-36	feaB	aph(KEIO:feaB)
10	37	-	-	ECK2671	ECK2671-10-37	proV	aph(KEIO:proV)
10	38	-	-	ECK2671	ECK2671-10-38	proV	aph(KEIO:proV)
10	39	-	-	ECK1875	ECK1875-10-39	cutC	aph(KEIO:cutC)
10	40	-	-	ECK1875	ECK1875-10-40	cutC	aph(KEIO:cutC)
10	41	-	-	ECK2825	ECK2825-10-41	ptsP	aph(KEIO:ptsP)
10	42	-	-	ECK2825	ECK2825-10-42	ptsP	aph(KEIO:ptsP)
10	43	-	-	ECK2017	ECK2017-10-43	hisB	aph(KEIO:hisB)
10	44	-	-	ECK2017	ECK2017-10-44	hisB	aph(KEIO:hisB)
10	45	-	-	ECK3084	ECK3084-10-45	exuT	aph(KEIO:exuT)
10	46	-	-	ECK3084	ECK3084-10-46	exuT	aph(KEIO:exuT)
10	47	-	-	ECK2374	ECK2374-10-47	lpxP	aph(KEIO:lpxP)
10	48	-	-	ECK2374	ECK2374-10-48	lpxP	aph(KEIO:lpxP)
11	1	-	-	empty	empty-11-1	empty	aph(KEIO:empty)
11	2	-	-	empty	empty-11-2	empty	aph(KEIO:empty)
11	3	-	-	ECK0754	ECK0754-11-3	modC	aph(KEIO:modC)
11	4	-	-	ECK0754	ECK0754-11-4	modC	aph(KEIO:modC)
11	5	-	-	ECK1276	ECK1276-11-5	pyrF	aph(KEIO:pyrF)
11	6	-	-	ECK1276	ECK1276-11-6	pyrF	aph(KEIO:pyrF)
11	7	-	-	ECK0845	ECK0845-11-7	potF	aph(KEIO:potF)
11	8	-	-	ECK0845	ECK0845-11-8	potF	aph(KEIO:potF)
11	9	-	-	ECK1958	ECK1958-11-9	vsr	aph(KEIO:vsr)
11	10	-	-	ECK1958	ECK1958-11-10	vsr	aph(KEIO:vsr)
11	11	-	-	ECK0940	ECK0940-11-11	uup	aph(KEIO:uup)
11	12	-	-	ECK0940	ECK0940-11-12	uup	aph(KEIO:uup)
11	13	-	-	ECK2400	ECK2400-11-13	xapB	aph(KEIO:xapB)
11	14	-	-	ECK2400	ECK2400-11-14	xapB	aph(KEIO:xapB)
11	15	-	-	ECK1174	ECK1174-11-15	nhaB	aph(KEIO:nhaB)
11	16	-	-	ECK1174	ECK1174-11-16	nhaB	aph(KEIO:nhaB)
11	17	-	-	ECK2669	ECK2669-11-17	nrdE	aph(KEIO:nrdE)
11	18	-	-	ECK2669	ECK2669-11-18	nrdE	aph(KEIO:nrdE)
11	19	-	-	ECK1289	ECK1289-11-19	sapA	aph(KEIO:sapA)
11	20	-	-	ECK1289	ECK1289-11-20	sapA	aph(KEIO:sapA)
11	21	-	-	ECK3997	ECK3997-11-21	purD	aph(KEIO:purD)
11	22	-	-	ECK3997	ECK3997-11-22	purD	aph(KEIO:purD)
11	23	-	-	ECK1478	ECK1478-11-23	ddpD	aph(KEIO:ddpD)
11	24	-	-	ECK1478	ECK1478-11-24	ddpD	aph(KEIO:ddpD)
11	25	-	-	ECK4373	ECK4373-11-25	deoC	aph(KEIO:deoC)
11	26	-	-	ECK4373	ECK4373-11-26	deoC	aph(KEIO:deoC)
11	27	-	-	ECK1616	ECK1616-11-27	malX	aph(KEIO:malX)
11	28	-	-	ECK1616	ECK1616-11-28	malX	aph(KEIO:malX)
11	29	-	-	ECK0985	ECK0985-11-29	torT	aph(KEIO:torT)
11	30	-	-	ECK0985	ECK0985-11-30	torT	aph(KEIO:torT)
11	31	-	-	ECK1767	ECK1767-11-31	ydjE	aph(KEIO:ydjE)
11	32	-	-	ECK1767	ECK1767-11-32	ydjE	aph(KEIO:ydjE)
11	33	-	-	ECK2229	ECK2229-11-33	inaA	aph(KEIO:inaA)
11	34	-	-	ECK2229	ECK2229-11-34	inaA	aph(KEIO:inaA)
11	35	-	-	ECK1904	ECK1904-11-35	ftnA	aph(KEIO:ftnA)
11	36	-	-	ECK1904	ECK1904-11-36	ftnA	aph(KEIO:ftnA)
11	37	-	-	ECK3232	ECK3232-11-37	aaeR	aph(KEIO:aaeR)
11	38	-	-	ECK3232	ECK3232-11-38	aaeR	aph(KEIO:aaeR)
11	39	-	-	ECK2142	ECK2142-11-39	mglA	aph(KEIO:mglA)
11	40	-	-	ECK2142	ECK2142-11-40	mglA	aph(KEIO:mglA)
11	41	-	-	ECK0215	ECK0215-11-41	dnaQ	aph(KEIO:dnaQ)
11	42	-	-	ECK0215	ECK0215-11-42	dnaQ	aph(KEIO:dnaQ)
11	43	-	-	ECK3721	ECK3721-11-43	pstS	aph(KEIO:pstS)
11	44	-	-	ECK3721	ECK3721-11-44	pstS	aph(KEIO:pstS)
11	45	-	-	ECK0647	ECK0647-11-45	gltJ	aph(KEIO:gltJ)
11	46	-	-	ECK0647	ECK0647-11-46	gltJ	aph(KEIO:gltJ)
11	47	-	-	ECK3940	ECK3940-11-47	frwC	aph(KEIO:frwC)
11	48	-	-	ECK3940	ECK3940-11-48	frwC	aph(KEIO:frwC)
12	1	-	-	ECK2613	ECK2613-12-1	bamE	aph(KEIO:bamE)
12	2	-	-	ECK2613	ECK2613-12-2	bamE	aph(KEIO:bamE)
12	3	-	-	ECK1299	ECK1299-12-3	pspA	aph(KEIO:pspA)
12	4	-	-	ECK1299	ECK1299-12-4	pspA	aph(KEIO:pspA)
12	5	-	-	ECK2954	ECK2954-12-5	yggL	aph(KEIO:yggL)
12	6	-	-	ECK2954	ECK2954-12-6	yggL	aph(KEIO:yggL)
12	7	-	-	ECK1422	ECK1422-12-7	tehA	aph(KEIO:tehA)
12	8	-	-	ECK1422	ECK1422-12-8	tehA	aph(KEIO:tehA)
12	9	-	-	empty	empty-12-9	empty	aph(KEIO:empty)
12	10	-	-	empty	empty-12-10	empty	aph(KEIO:empty)
12	11	-	-	ECK1576	ECK1576-12-11	rspA	aph(KEIO:rspA)
12	12	-	-	ECK1576	ECK1576-12-12	rspA	aph(KEIO:rspA)
12	13	-	-	ECK3337	ECK3337-12-13	yheV	aph(KEIO:yheV)
12	14	-	-	ECK3337	ECK3337-12-14	yheV	aph(KEIO:yheV)
12	15	-	-	ECK2147	ECK2147-12-15	yeiG	aph(KEIO:yeiG)
12	16	-	-	ECK2147	ECK2147-12-16	yeiG	aph(KEIO:yeiG)
12	17	-	-	ECK3246	ECK3246-12-17	prmA	aph(KEIO:prmA)
12	18	-	-	ECK3246	ECK3246-12-18	prmA	aph(KEIO:prmA)
12	19	-	-	ECK2618	ECK2618-12-19	intA	aph(KEIO:intA)
12	20	-	-	ECK2618	ECK2618-12-20	intA	aph(KEIO:intA)
12	21	-	-	ECK3880	ECK3880-12-21	dtd	aph(KEIO:dtd)
12	22	-	-	ECK3880	ECK3880-12-22	dtd	aph(KEIO:dtd)
12	23	-	-	ECK3372	ECK3372-12-23	gph	aph(KEIO:gph)
12	24	-	-	ECK3372	ECK3372-12-24	gph	aph(KEIO:gph)
12	25	-	-	ECK4196	ECK4196-12-25	rpsF	aph(KEIO:rpsF)
12	26	-	-	ECK4196	ECK4196-12-26	rpsF	aph(KEIO:rpsF)
12	27	-	-	ECK3915	ECK3915-12-27	uspD	aph(KEIO:uspD)
12	28	-	-	ECK3915	ECK3915-12-28	uspD	aph(KEIO:uspD)
12	29	-	-	ECK0989	ECK0989-12-29	torD	aph(KEIO:torD)
12	30	-	-	ECK0989	ECK0989-12-30	torD	aph(KEIO:torD)
12	31	-	-	ECK3510	ECK3510-12-31	yhjH	aph(KEIO:yhjH)
12	32	-	-	ECK3510	ECK3510-12-32	yhjH	aph(KEIO:yhjH)
12	33	-	-	empty	empty-12-33	empty	aph(KEIO:empty)
12	34	-	-	empty	empty-12-34	empty	aph(KEIO:empty)
12	35	-	-	ECK3678	ECK3678-12-35	ibpB	aph(KEIO:ibpB)
12	36	-	-	ECK3678	ECK3678-12-36	ibpB	aph(KEIO:ibpB)
12	37	-	-	ECK0322	ECK0322-12-37	yahJ	aph(KEIO:yahJ)
12	38	-	-	ECK0322	ECK0322-12-38	yahJ	aph(KEIO:yahJ)
12	39	-	-	ECK3983	ECK3983-12-39	thiS	aph(KEIO:thiS)
12	40	-	-	ECK3983	ECK3983-12-40	thiS	aph(KEIO:thiS)
12	41	-	-	ECK0534	ECK0534-12-41	emrE	aph(KEIO:emrE)
12	42	-	-	ECK0534	ECK0534-12-42	emrE	aph(KEIO:emrE)
12	43	-	-	ECK4143	ECK4143-12-43	ecnB	aph(KEIO:ecnB)
12	44	-	-	ECK4143	ECK4143-12-44	ecnB	aph(KEIO:ecnB)
12	45	-	-	ECK0728	ECK0728-12-45	tolA	aph(KEIO:tolA)
12	46	-	-	ECK0728	ECK0728-12-46	tolA	aph(KEIO:tolA)
12	47	-	-	ECK4370	ECK4370-12-47	yjjV	aph(KEIO:yjjV)
12	48	-	-	ECK4370	ECK4370-12-48	yjjV	aph(KEIO:yjjV)
13	1	-	-	ECK0037	ECK0037-13-1	caiD	aph(KEIO:caiD)
13	2	-	-	ECK0037	ECK0037-13-2	caiD	aph(KEIO:caiD)
13	3	-	-	ECK1470	ECK1470-13-3	fdnI	aph(KEIO:fdnI)
13	4	-	-	ECK1470	ECK1470-13-4	fdnI	aph(KEIO:fdnI)
13	5	-	-	ECK1077	ECK1077-13-5	fabH	aph(KEIO:fabH)
13	6	-	-	ECK1077	ECK1077-13-6	fabH	aph(KEIO:fabH)
13	7	-	-	ECK1617	ECK1617-13-7	malY	aph(KEIO:malY)
13	8	-	-	ECK1617	ECK1617-13-8	malY	aph(KEIO:malY)
13	9	-	-	ECK2832	ECK2832-13-9	aas	aph(KEIO:aas)
13	10	-	-	ECK2832	ECK2832-13-10	aas	aph(KEIO:aas)
13	11	-	-	ECK1852	ECK1852-13-11	edd	aph(KEIO:edd)
13	12	-	-	ECK1852	ECK1852-13-12	edd	aph(KEIO:edd)
13	13	-	-	ECK0034	ECK0034-13-13	carB	aph(KEIO:carB)
13	14	-	-	ECK0034	ECK0034-13-14	carB	aph(KEIO:carB)
13	15	-	-	ECK2188	ECK2188-13-15	ccmF	aph(KEIO:ccmF)
13	16	-	-	ECK2188	ECK2188-13-16	ccmF	aph(KEIO:ccmF)
13	17	-	-	ECK0239	ECK0239-13-17	gpt	aph(KEIO:gpt)
13	18	-	-	ECK0239	ECK0239-13-18	gpt	aph(KEIO:gpt)
13	19	-	-	ECK2215	ECK2215-13-19	atoA	aph(KEIO:atoA)
13	20	-	-	ECK2215	ECK2215-13-20	atoA	aph(KEIO:atoA)
13	21	-	-	ECK0516	ECK0516-13-21	purE	aph(KEIO:purE)
13	22	-	-	ECK0516	ECK0516-13-22	purE	aph(KEIO:purE)
13	23	-	-	ECK2537	ECK2537-13-23	hcaC	aph(KEIO:hcaC)
13	24	-	-	ECK2537	ECK2537-13-24	hcaC	aph(KEIO:hcaC)
13	25	-	-	ECK0936	ECK0936-13-25	pyrD	aph(KEIO:pyrD)
13	26	-	-	ECK0936	ECK0936-13-26	pyrD	aph(KEIO:pyrD)
13	27	-	-	ECK2711	ECK2711-13-27	ascB	aph(KEIO:ascB)
13	28	-	-	ECK2711	ECK2711-13-28	ascB	aph(KEIO:ascB)
13	29	-	-	ECK4125	ECK4125-13-29	cadA	aph(KEIO:cadA)
13	30	-	-	ECK4125	ECK4125-13-30	cadA	aph(KEIO:cadA)
13	31	-	-	ECK2841	ECK2841-13-31	kduI	aph(KEIO:kduI)
13	32	-	-	ECK2841	ECK2841-13-32	kduI	aph(KEIO:kduI)
13	33	-	-	ECK0348	ECK0348-13-33	mhpF	aph(KEIO:mhpF)
13	34	-	-	ECK0348	ECK0348-13-34	mhpF	aph(KEIO:mhpF)
13	35	-	-	ECK3067	ECK3067-13-35	ebgC	aph(KEIO:ebgC)
13	36	-	-	ECK3067	ECK3067-13-36	ebgC	aph(KEIO:ebgC)
13	37	-	-	ECK0746	ECK0746-13-37	galK	aph(KEIO:galK)
13	38	-	-	ECK0746	ECK0746-13-38	galK	aph(KEIO:galK)
13	39	-	-	ECK3376	ECK3376-13-39	aroB	aph(KEIO:aroB)
13	40	-	-	ECK3376	ECK3376-13-40	aroB	aph(KEIO:aroB)
13	41	-	-	ECK0968	ECK0968-13-41	hyaF	aph(KEIO:hyaF)
13	42	-	-	ECK0968	ECK0968-13-42	hyaF	aph(KEIO:hyaF)
13	43	-	-	ECK3418	ECK3418-13-43	glgB	aph(KEIO:glgB)
13	44	-	-	ECK3418	ECK3418-13-44	glgB	aph(KEIO:glgB)
13	45	-	-	ECK1295	ECK1295-13-45	puuC	aph(KEIO:puuC)
13	46	-	-	ECK1295	ECK1295-13-46	puuC	aph(KEIO:puuC)
13	47	-	-	ECK3589	ECK3589-13-47	mtlD	aph(KEIO:mtlD)
13	48	-	-	ECK3589	ECK3589-13-48	mtlD	aph(KEIO:mtlD)
14	1	-	-	ECK4070	ECK4070-14-1	gltP	aph(KEIO:gltP)
14	2	-	-	ECK4070	ECK4070-14-2	gltP	aph(KEIO:gltP)
14	3	-	-	empty	empty-14-3	empty	aph(KEIO:empty)
14	4	-	-	empty	empty-14-4	empty	aph(KEIO:empty)
14	5	-	-	ECK4126	ECK4126-14-5	cadB	aph(KEIO:cadB)
14	6	-	-	ECK4126	ECK4126-14-6	cadB	aph(KEIO:cadB)
14	7	-	-	ECK3338	ECK3338-14-7	kefB	aph(KEIO:kefB)
14	8	-	-	ECK3338	ECK3338-14-8	kefB	aph(KEIO:kefB)
14	9	-	-	ECK4291	ECK4291-14-9	sgcA	aph(KEIO:sgcA)
14	10	-	-	ECK4291	ECK4291-14-10	sgcA	aph(KEIO:sgcA)
14	11	-	-	ECK3439	ECK3439-14-11	livG	aph(KEIO:livG)
14	12	-	-	ECK3439	ECK3439-14-12	livG	aph(KEIO:livG)
14	13	-	-	ECK0518	ECK0518-14-13	ppiB	aph(KEIO:ppiB)
14	14	-	-	ECK0518	ECK0518-14-14	ppiB	aph(KEIO:ppiB)
14	15	-	-	empty	empty-14-15	empty	aph(KEIO:empty)
14	16	-	-	empty	empty-14-16	empty	aph(KEIO:empty)
14	17	-	-	ECK1420	ECK1420-14-17	rimL	aph(KEIO:rimL)
14	18	-	-	ECK1420	ECK1420-14-18	rimL	aph(KEIO:rimL)
14	19	-	-	ECK3557	ECK3557-14-19	xylH	aph(KEIO:xylH)
14	20	-	-	ECK3557	ECK3557-14-20	xylH	aph(KEIO:xylH)
14	21	-	-	ECK2478	ECK2478-14-21	hyfB	aph(KEIO:hyfB)
14	22	-	-	ECK2478	ECK2478-14-22	hyfB	aph(KEIO:hyfB)
14	23	-	-	empty	empty-14-23	empty	aph(KEIO:empty)
14	24	-	-	empty	empty-14-24	empty	aph(KEIO:empty)
14	25	-	-	ECK2162	ECK2162-14-25	fruB	aph(KEIO:fruB)
14	26	-	-	ECK2162	ECK2162-14-26	fruB	aph(KEIO:fruB)
14	27	-	-	ECK0609	ECK0609-14-27	citE	aph(KEIO:citE)
14	28	-	-	ECK0609	ECK0609-14-28	citE	aph(KEIO:citE)
14	29	-	-	ECK2388	ECK2388-14-29	nupC	aph(KEIO:nupC)
14	30	-	-	ECK2388	ECK2388-14-30	nupC	aph(KEIO:nupC)
14	31	-	-	empty	empty-14-31	empty	aph(KEIO:empty)
14	32	-	-	empty	empty-14-32	empty	aph(KEIO:empty)
14	33	-	-	ECK2465	ECK2465-14-33	acrD	aph(KEIO:acrD)
14	34	-	-	ECK2465	ECK2465-14-34	acrD	aph(KEIO:acrD)
14	35	-	-	empty	empty-14-35	empty	aph(KEIO:empty)
14	36	-	-	empty	empty-14-36	empty	aph(KEIO:empty)
14	37	-	-	ECK2672	ECK2672-14-37	proW	aph(KEIO:proW)
14	38	-	-	ECK2672	ECK2672-14-38	proW	aph(KEIO:proW)
14	39	-	-	ECK1882	ECK1882-14-39	cheZ	aph(KEIO:cheZ)
14	40	-	-	ECK1882	ECK1882-14-40	cheZ	aph(KEIO:cheZ)
14	41	-	-	ECK2843	ECK2843-14-41	yqeG	aph(KEIO:yqeG)
14	42	-	-	ECK2843	ECK2843-14-42	yqeG	aph(KEIO:yqeG)
14	43	-	-	ECK2019	ECK2019-14-43	hisA	aph(KEIO:hisA)
14	44	-	-	ECK2019	ECK2019-14-44	hisA	aph(KEIO:hisA)
14	45	-	-	ECK3120	ECK3120-14-45	kbaZ	aph(KEIO:kbaZ)
14	46	-	-	ECK3120	ECK3120-14-46	kbaZ	aph(KEIO:kbaZ)
14	47	-	-	ECK2418	ECK2418-14-47	cysW	aph(KEIO:cysW)
14	48	-	-	ECK2418	ECK2418-14-48	cysW	aph(KEIO:cysW)
15	1	-	-	empty	empty-15-1	empty	aph(KEIO:empty)
15	2	-	-	empty	empty-15-2	empty	aph(KEIO:empty)
15	3	-	-	ECK0775	ECK0775-15-3	ybhL	aph(KEIO:ybhL)
15	4	-	-	ECK0775	ECK0775-15-4	ybhL	aph(KEIO:ybhL)
15	5	-	-	ECK1347	ECK1347-15-5	recE	aph(KEIO:recE)
15	6	-	-	ECK1347	ECK1347-15-6	recE	aph(KEIO:recE)
15	7	-	-	ECK0848	ECK0848-15-7	potI	aph(KEIO:potI)
15	8	-	-	ECK0848	ECK0848-15-8	potI	aph(KEIO:potI)
15	9	-	-	ECK1977	ECK1977-15-9	amn	aph(KEIO:amn)
15	10	-	-	ECK1977	ECK1977-15-10	amn	aph(KEIO:amn)
15	11	-	-	ECK0961	ECK0961-15-11	yccA	aph(KEIO:yccA)
15	12	-	-	ECK0961	ECK0961-15-12	yccA	aph(KEIO:yccA)
15	13	-	-	ECK2401	ECK2401-15-13	xapA	aph(KEIO:xapA)
15	14	-	-	ECK2401	ECK2401-15-14	xapA	aph(KEIO:xapA)
15	15	-	-	ECK1210	ECK1210-15-15	chaA	aph(KEIO:chaA)
15	16	-	-	ECK1210	ECK1210-15-16	chaA	aph(KEIO:chaA)
15	17	-	-	ECK2670	ECK2670-15-17	nrdF	aph(KEIO:nrdF)
15	18	-	-	ECK2670	ECK2670-15-18	nrdF	aph(KEIO:nrdF)
15	19	-	-	ECK1306	ECK1306-15-19	ycjO	aph(KEIO:ycjO)
15	20	-	-	ECK1306	ECK1306-15-20	ycjO	aph(KEIO:ycjO)
15	21	-	-	ECK4173	ECK4173-15-21	purA	aph(KEIO:purA)
15	22	-	-	ECK4173	ECK4173-15-22	purA	aph(KEIO:purA)
15	23	-	-	ECK1479	ECK1479-15-23	ddpC	aph(KEIO:ddpC)
15	24	-	-	ECK1479	ECK1479-15-24	ddpC	aph(KEIO:ddpC)
15	25	-	-	ECK4374	ECK4374-15-25	deoA	aph(KEIO:deoA)
15	26	-	-	ECK4374	ECK4374-15-26	deoA	aph(KEIO:deoA)
15	27	-	-	ECK1707	ECK1707-15-27	btuD	aph(KEIO:btuD)
15	28	-	-	ECK1707	ECK1707-15-28	btuD	aph(KEIO:btuD)
15	29	-	-	ECK1145	ECK1145-15-29	mcrA	aph(KEIO:mcrA)
15	30	-	-	ECK1145	ECK1145-15-30	mcrA	aph(KEIO:mcrA)
15	31	-	-	ECK1815	ECK1815-15-31	manX	aph(KEIO:manX)
15	32	-	-	ECK1815	ECK1815-15-32	manX	aph(KEIO:manX)
15	33	-	-	ECK2463	ECK2463-15-33	aegA	aph(KEIO:aegA)
15	34	-	-	ECK2463	ECK2463-15-34	aegA	aph(KEIO:aegA)
15	35	-	-	ECK1906	ECK1906-15-35	tyrP	aph(KEIO:tyrP)
15	36	-	-	ECK1906	ECK1906-15-36	tyrP	aph(KEIO:tyrP)
15	37	-	-	ECK3676	ECK3676-15-37	yidP	aph(KEIO:yidP)
15	38	-	-	ECK3676	ECK3676-15-38	yidP	aph(KEIO:yidP)
15	39	-	-	ECK2143	ECK2143-15-39	mglB	aph(KEIO:mglB)
15	40	-	-	ECK2143	ECK2143-15-40	mglB	aph(KEIO:mglB)
15	41	-	-	ECK0232	ECK0232-15-41	dinB	aph(KEIO:dinB)
15	42	-	-	ECK0232	ECK0232-15-42	dinB	aph(KEIO:dinB)
15	43	-	-	empty	empty-15-43	empty	aph(KEIO:empty)
15	44	-	-	empty	empty-15-44	empty	aph(KEIO:empty)
15	45	-	-	ECK0667	ECK0667-15-45	nagE	aph(KEIO:nagE)
15	46	-	-	ECK0667	ECK0667-15-46	nagE	aph(KEIO:nagE)
15	47	-	-	ECK3941	ECK3941-15-47	frwB	aph(KEIO:frwB)
15	48	-	-	ECK3941	ECK3941-15-48	frwB	aph(KEIO:frwB)
16	1	-	-	ECK2658	ECK2658-16-1	csiR	aph(KEIO:csiR)
16	2	-	-	ECK2658	ECK2658-16-2	csiR	aph(KEIO:csiR)
16	3	-	-	ECK1300	ECK1300-16-3	pspB	aph(KEIO:pspB)
16	4	-	-	ECK1300	ECK1300-16-4	pspB	aph(KEIO:pspB)
16	5	-	-	ECK2959	ECK2959-16-5	nupG	aph(KEIO:nupG)
16	6	-	-	ECK2959	ECK2959-16-6	nupG	aph(KEIO:nupG)
16	7	-	-	ECK1423	ECK1423-16-7	tehB	aph(KEIO:tehB)
16	8	-	-	ECK1423	ECK1423-16-8	tehB	aph(KEIO:tehB)
16	9	-	-	ECK3170	ECK3170-16-9	greA	aph(KEIO:greA)
16	10	-	-	ECK3170	ECK3170-16-10	greA	aph(KEIO:greA)
16	11	-	-	ECK1646	ECK1646-16-11	nemA	aph(KEIO:nemA)
16	12	-	-	ECK1646	ECK1646-16-12	nemA	aph(KEIO:nemA)
16	13	-	-	ECK3355	ECK3355-16-13	nirC	aph(KEIO:nirC)
16	14	-	-	ECK3355	ECK3355-16-14	nirC	aph(KEIO:nirC)
16	15	-	-	ECK2201	ECK2201-16-15	eco	aph(KEIO:eco)
16	16	-	-	ECK2201	ECK2201-16-16	eco	aph(KEIO:eco)
16	17	-	-	empty	empty-16-17	empty	aph(KEIO:empty)
16	18	-	-	empty	empty-16-18	empty	aph(KEIO:empty)
16	19	-	-	ECK2679	ECK2679-16-19	emrA	aph(KEIO:emrA)
16	20	-	-	ECK2679	ECK2679-16-20	emrA	aph(KEIO:emrA)
16	21	-	-	ECK3928	ECK3928-16-21	rpmE	aph(KEIO:rpmE)
16	22	-	-	ECK3928	ECK3928-16-22	rpmE	aph(KEIO:rpmE)
16	23	-	-	ECK3387	ECK3387-16-23	hslR	aph(KEIO:hslR)
16	24	-	-	ECK3387	ECK3387-16-24	hslR	aph(KEIO:hslR)
16	25	-	-	ECK4199	ECK4199-16-25	rplI	aph(KEIO:rplI)
16	26	-	-	ECK4199	ECK4199-16-26	rplI	aph(KEIO:rplI)
16	27	-	-	ECK3980	ECK3980-16-27	yjaZ	aph(KEIO:yjaZ)
16	28	-	-	ECK3980	ECK3980-16-28	yjaZ	aph(KEIO:yjaZ)
16	29	-	-	ECK1589	ECK1589-16-29	mlc	aph(KEIO:mlc)
16	30	-	-	ECK1589	ECK1589-16-30	mlc	aph(KEIO:mlc)
16	31	-	-	ECK3516	ECK3516-16-31	bcsZ	aph(KEIO:bcsZ)
16	32	-	-	ECK3516	ECK3516-16-32	bcsZ	aph(KEIO:bcsZ)
16	33	-	-	ECK4215	ECK4215-16-33	msrA	aph(KEIO:msrA)
16	34	-	-	ECK4215	ECK4215-16-34	msrA	aph(KEIO:msrA)
16	35	-	-	ECK3690	ECK3690-16-35	yidB	aph(KEIO:yidB)
16	36	-	-	ECK3690	ECK3690-16-36	yidB	aph(KEIO:yidB)
16	37	-	-	ECK0352	ECK0352-16-37	frmB	aph(KEIO:frmB)
16	38	-	-	ECK0352	ECK0352-16-38	frmB	aph(KEIO:frmB)
16	39	-	-	ECK3984	ECK3984-16-39	thiF	aph(KEIO:thiF)
16	40	-	-	ECK3984	ECK3984-16-40	thiF	aph(KEIO:thiF)
16	41	-	-	ECK0546	ECK0546-16-41	rrrD	aph(KEIO:rrrD)
16	42	-	-	ECK0546	ECK0546-16-42	rrrD	aph(KEIO:rrrD)
16	43	-	-	empty	empty-16-43	empty	aph(KEIO:empty)
16	44	-	-	empty	empty-16-44	empty	aph(KEIO:empty)
16	45	-	-	ECK0871	ECK0871-16-45	cspD	aph(KEIO:cspD)
16	46	-	-	ECK0871	ECK0871-16-46	cspD	aph(KEIO:cspD)
16	47	-	-	ECK4078	ECK4078-16-47	alsE	aph(KEIO:alsE)
16	48	-	-	ECK4078	ECK4078-16-48	alsE	aph(KEIO:alsE)
17	1	-	-	ECK0041	ECK0041-17-1	caiT	aph(KEIO:caiT)
17	2	-	-	ECK0041	ECK0041-17-2	caiT	aph(KEIO:caiT)
17	3	-	-	ECK1512	ECK1512-17-3	tam	aph(KEIO:tam)
17	4	-	-	ECK1512	ECK1512-17-4	tam	aph(KEIO:tam)
17	5	-	-	ECK1081	ECK1081-17-5	fabF	aph(KEIO:fabF)
17	6	-	-	ECK1081	ECK1081-17-6	fabF	aph(KEIO:fabF)
17	7	-	-	ECK1624	ECK1624-17-7	rsxB	aph(KEIO:rsxB)
17	8	-	-	ECK1624	ECK1624-17-8	rsxB	aph(KEIO:rsxB)
17	9	-	-	ECK3339	ECK3339-17-9	kefG	aph(KEIO:kefG)
17	10	-	-	ECK3339	ECK3339-17-10	kefG	aph(KEIO:kefG)
17	11	-	-	ECK1874	ECK1874-17-11	torY	aph(KEIO:torY)
17	12	-	-	ECK1874	ECK1874-17-12	torY	aph(KEIO:torY)
17	13	-	-	ECK0050	ECK0050-17-13	apaH	aph(KEIO:apaH)
17	14	-	-	ECK0050	ECK0050-17-14	apaH	aph(KEIO:apaH)
17	15	-	-	ECK2189	ECK2189-17-15	ccmE	aph(KEIO:ccmE)
17	16	-	-	ECK2189	ECK2189-17-16	ccmE	aph(KEIO:ccmE)
17	17	-	-	ECK0334	ECK0334-17-17	codA	aph(KEIO:codA)
17	18	-	-	ECK0334	ECK0334-17-18	codA	aph(KEIO:codA)
17	19	-	-	ECK2233	ECK2233-17-19	glpA	aph(KEIO:glpA)
17	20	-	-	ECK2233	ECK2233-17-20	glpA	aph(KEIO:glpA)
17	21	-	-	ECK0603	ECK0603-17-21	rnk	aph(KEIO:rnk)
17	22	-	-	ECK0603	ECK0603-17-22	rnk	aph(KEIO:rnk)
17	23	-	-	ECK2539	ECK2539-17-23	hcaD	aph(KEIO:hcaD)
17	24	-	-	ECK2539	ECK2539-17-24	hcaD	aph(KEIO:hcaD)
17	25	-	-	ECK1047	ECK1047-17-25	pyrC	aph(KEIO:pyrC)
17	26	-	-	ECK1047	ECK1047-17-26	pyrC	aph(KEIO:pyrC)
17	27	-	-	ECK2714	ECK2714-17-27	hycG	aph(KEIO:hycG)
17	28	-	-	ECK2714	ECK2714-17-28	hycG	aph(KEIO:hycG)
17	29	-	-	ECK4210	ECK4210-17-29	cysQ	aph(KEIO:cysQ)
17	30	-	-	ECK4210	ECK4210-17-30	cysQ	aph(KEIO:cysQ)
17	31	-	-	ECK2913	ECK2913-17-31	scpA	aph(KEIO:scpA)
17	32	-	-	ECK2913	ECK2913-17-32	scpA	aph(KEIO:scpA)
17	33	-	-	ECK0349	ECK0349-17-33	mhpE	aph(KEIO:mhpE)
17	34	-	-	ECK0349	ECK0349-17-34	mhpE	aph(KEIO:mhpE)
17	35	-	-	ECK3071	ECK3071-17-35	fadH	aph(KEIO:fadH)
17	36	-	-	ECK3071	ECK3071-17-36	fadH	aph(KEIO:fadH)
17	37	-	-	ECK0747	ECK0747-17-37	galT	aph(KEIO:galT)
17	38	-	-	ECK0747	ECK0747-17-38	galT	aph(KEIO:galT)
17	39	-	-	ECK3403	ECK3403-17-39	malQ	aph(KEIO:malQ)
17	40	-	-	ECK3403	ECK3403-17-40	malQ	aph(KEIO:malQ)
17	41	-	-	ECK0987	ECK0987-17-41	torC	aph(KEIO:torC)
17	42	-	-	ECK0987	ECK0987-17-42	torC	aph(KEIO:torC)
17	43	-	-	ECK3504	ECK3504-17-43	treF	aph(KEIO:treF)
17	44	-	-	ECK3504	ECK3504-17-44	treF	aph(KEIO:treF)
17	45	-	-	ECK1408	ECK1408-17-45	aldA	aph(KEIO:aldA)
17	46	-	-	ECK1408	ECK1408-17-46	aldA	aph(KEIO:aldA)
17	47	-	-	ECK3594	ECK3594-17-47	lldR	aph(KEIO:lldR)
17	48	-	-	ECK3594	ECK3594-17-48	lldR	aph(KEIO:lldR)
18	1	-	-	ECK4079	ECK4079-18-1	alsC	aph(KEIO:alsC)
18	2	-	-	ECK4079	ECK4079-18-2	alsC	aph(KEIO:alsC)
18	3	-	-	ECK3193	ECK3193-18-3	ptsN	aph(KEIO:ptsN)
18	4	-	-	ECK3193	ECK3193-18-4	ptsN	aph(KEIO:ptsN)
18	5	-	-	ECK4204	ECK4204-18-5	cycA	aph(KEIO:cycA)
18	6	-	-	ECK4204	ECK4204-18-6	cycA	aph(KEIO:cycA)
18	7	-	-	ECK3340	ECK3340-18-7	yheS	aph(KEIO:yheS)
18	8	-	-	ECK3340	ECK3340-18-8	yheS	aph(KEIO:yheS)
18	9	-	-	ECK4312	ECK4312-18-9	gntP	aph(KEIO:gntP)
18	10	-	-	ECK4312	ECK4312-18-10	gntP	aph(KEIO:gntP)
18	11	-	-	ECK3440	ECK3440-18-11	livM	aph(KEIO:livM)
18	12	-	-	ECK3440	ECK3440-18-12	livM	aph(KEIO:livM)
18	13	-	-	ECK0843	ECK0843-18-13	rimK	aph(KEIO:rimK)
18	14	-	-	ECK0843	ECK0843-18-14	rimK	aph(KEIO:rimK)
18	15	-	-	ECK3513	ECK3513-18-15	dctA	aph(KEIO:dctA)
18	16	-	-	ECK3513	ECK3513-18-16	dctA	aph(KEIO:dctA)
18	17	-	-	ECK1474	ECK1474-18-17	sra	aph(KEIO:sra)
18	18	-	-	ECK1474	ECK1474-18-18	sra	aph(KEIO:sra)
18	19	-	-	ECK3588	ECK3588-18-19	mtlA	aph(KEIO:mtlA)
18	20	-	-	ECK3588	ECK3588-18-20	mtlA	aph(KEIO:mtlA)
18	21	-	-	ECK2480	ECK2480-18-21	hyfD	aph(KEIO:hyfD)
18	22	-	-	ECK2480	ECK2480-18-22	hyfD	aph(KEIO:hyfD)
18	23	-	-	ECK0264	ECK0264-18-23	afuC	aph(KEIO:afuC)
18	24	-	-	ECK0264	ECK0264-18-24	afuC	aph(KEIO:afuC)
18	25	-	-	ECK2203	ECK2203-18-25	yojI	aph(KEIO:yojI)
18	26	-	-	ECK2203	ECK2203-18-26	yojI	aph(KEIO:yojI)
18	27	-	-	ECK0611	ECK0611-18-27	citC	aph(KEIO:citC)
18	28	-	-	ECK0611	ECK0611-18-28	citC	aph(KEIO:citC)
18	29	-	-	ECK2408	ECK2408-18-29	cysZ	aph(KEIO:cysZ)
18	30	-	-	ECK2408	ECK2408-18-30	cysZ	aph(KEIO:cysZ)
18	31	-	-	ECK1144	ECK1144-18-31	pinE	aph(KEIO:pinE)
18	32	-	-	ECK1144	ECK1144-18-32	pinE	aph(KEIO:pinE)
18	33	-	-	ECK2488	ECK2488-18-33	focB	aph(KEIO:focB)
18	34	-	-	ECK2488	ECK2488-18-34	focB	aph(KEIO:focB)
18	35	-	-	ECK1418	ECK1418-18-35	mdoD	aph(KEIO:mdoD)
18	36	-	-	ECK1418	ECK1418-18-36	mdoD	aph(KEIO:mdoD)
18	37	-	-	ECK2699	ECK2699-18-37	srlB	aph(KEIO:srlB)
18	38	-	-	ECK2699	ECK2699-18-38	srlB	aph(KEIO:srlB)
18	39	-	-	ECK1897	ECK1897-18-39	araH	aph(KEIO:araH)
18	40	-	-	ECK1897	ECK1897-18-40	araH	aph(KEIO:araH)
18	41	-	-	ECK2878	ECK2878-18-41	xanQ	aph(KEIO:xanQ)
18	42	-	-	ECK2878	ECK2878-18-42	xanQ	aph(KEIO:xanQ)
18	43	-	-	ECK2106	ECK2106-18-43	mrp	aph(KEIO:mrp)
18	44	-	-	ECK2106	ECK2106-18-44	mrp	aph(KEIO:mrp)
18	45	-	-	ECK3124	ECK3124-18-45	agaS	aph(KEIO:agaS)
18	46	-	-	ECK3124	ECK3124-18-46	agaS	aph(KEIO:agaS)
18	47	-	-	ECK2436	ECK2436-18-47	eutB	aph(KEIO:eutB)
18	48	-	-	ECK2436	ECK2436-18-48	eutB	aph(KEIO:eutB)
19	1	-	-	ECK3746	ECK3746-19-1	rbsK	aph(KEIO:rbsK)
19	2	-	-	ECK3746	ECK3746-19-2	rbsK	aph(KEIO:rbsK)
19	3	-	-	ECK0798	ECK0798-19-3	glnQ	aph(KEIO:glnQ)
19	4	-	-	ECK0798	ECK0798-19-4	glnQ	aph(KEIO:glnQ)
19	5	-	-	ECK1618	ECK1618-19-5	add	aph(KEIO:add)
19	6	-	-	ECK1618	ECK1618-19-6	add	aph(KEIO:add)
19	7	-	-	ECK0852	ECK0852-19-7	artM	aph(KEIO:artM)
19	8	-	-	ECK0852	ECK0852-19-8	artM	aph(KEIO:artM)
19	9	-	-	ECK2059	ECK2059-19-9	dcd	aph(KEIO:dcd)
19	10	-	-	ECK2059	ECK2059-19-10	dcd	aph(KEIO:dcd)
19	11	-	-	ECK1006	ECK1006-19-11	putP	aph(KEIO:putP)
19	12	-	-	ECK1006	ECK1006-19-12	putP	aph(KEIO:putP)
19	13	-	-	ECK2495	ECK2495-19-13	purM	aph(KEIO:purM)
19	14	-	-	ECK2495	ECK2495-19-14	purM	aph(KEIO:purM)
19	15	-	-	ECK1211	ECK1211-19-15	chaB	aph(KEIO:chaB)
19	16	-	-	ECK1211	ECK1211-19-16	chaB	aph(KEIO:chaB)
19	17	-	-	ECK2816	ECK2816-19-17	recB	aph(KEIO:recB)
19	18	-	-	ECK2816	ECK2816-19-18	recB	aph(KEIO:recB)
19	19	-	-	ECK1307	ECK1307-19-19	ycjP	aph(KEIO:ycjP)
19	20	-	-	ECK1307	ECK1307-19-20	ycjP	aph(KEIO:ycjP)
19	21	-	-	ECK4209	ECK4209-19-21	cpdB	aph(KEIO:cpdB)
19	22	-	-	ECK4209	ECK4209-19-22	cpdB	aph(KEIO:cpdB)
19	23	-	-	ECK1480	ECK1480-19-23	ddpB	aph(KEIO:ddpB)
19	24	-	-	ECK1480	ECK1480-19-24	ddpB	aph(KEIO:ddpB)
19	25	-	-	ECK4376	ECK4376-19-25	deoD	aph(KEIO:deoD)
19	26	-	-	ECK4376	ECK4376-19-26	deoD	aph(KEIO:deoD)
19	27	-	-	ECK1708	ECK1708-19-27	btuE	aph(KEIO:btuE)
19	28	-	-	ECK1708	ECK1708-19-28	btuE	aph(KEIO:btuE)
19	29	-	-	ECK1149	ECK1149-19-29	bluR	aph(KEIO:bluR)
19	30	-	-	ECK1149	ECK1149-19-30	bluR	aph(KEIO:bluR)
19	31	-	-	ECK1817	ECK1817-19-31	manZ	aph(KEIO:manZ)
19	32	-	-	ECK1817	ECK1817-19-32	manZ	aph(KEIO:manZ)
19	33	-	-	ECK2778	ECK2778-19-33	relA	aph(KEIO:relA)
19	34	-	-	ECK2778	ECK2778-19-34	relA	aph(KEIO:relA)
19	35	-	-	ECK1917	ECK1917-19-35	yecS	aph(KEIO:yecS)
19	36	-	-	ECK1917	ECK1917-19-36	yecS	aph(KEIO:yecS)
19	37	-	-	ECK3717	ECK3717-19-37	phoU	aph(KEIO:phoU)
19	38	-	-	ECK3717	ECK3717-19-38	phoU	aph(KEIO:phoU)
19	39	-	-	ECK2149	ECK2149-19-39	lysP	aph(KEIO:lysP)
19	40	-	-	ECK2149	ECK2149-19-40	lysP	aph(KEIO:lysP)
19	41	-	-	ECK0583	ECK0583-19-41	fepD	aph(KEIO:fepD)
19	42	-	-	ECK0583	ECK0583-19-42	fepD	aph(KEIO:fepD)
19	43	-	-	ECK3743	ECK3743-19-43	rbsA	aph(KEIO:rbsA)
19	44	-	-	ECK3743	ECK3743-19-44	rbsA	aph(KEIO:rbsA)
19	45	-	-	ECK0680	ECK0680-19-45	potE	aph(KEIO:potE)
19	46	-	-	ECK0680	ECK0680-19-46	potE	aph(KEIO:potE)
19	47	-	-	ECK3944	ECK3944-19-47	frwD	aph(KEIO:frwD)
19	48	-	-	ECK3944	ECK3944-19-48	frwD	aph(KEIO:frwD)
20	1	-	-	ECK2760	ECK2760-20-1	queD	aph(KEIO:queD)
20	2	-	-	ECK2760	ECK2760-20-2	queD	aph(KEIO:queD)
20	3	-	-	ECK1301	ECK1301-20-3	pspC	aph(KEIO:pspC)
20	4	-	-	ECK1301	ECK1301-20-4	pspC	aph(KEIO:pspC)
20	5	-	-	empty	empty-20-5	empty	aph(KEIO:empty)
20	6	-	-	empty	empty-20-6	empty	aph(KEIO:empty)
20	7	-	-	ECK1457	ECK1457-20-7	nhoA	aph(KEIO:nhoA)
20	8	-	-	ECK1457	ECK1457-20-8	nhoA	aph(KEIO:nhoA)
20	9	-	-	ECK3179	ECK3179-20-9	ibaG	aph(KEIO:ibaG)
20	10	-	-	ECK3179	ECK3179-20-10	ibaG	aph(KEIO:ibaG)
20	11	-	-	ECK1676	ECK1676-20-11	sufS	aph(KEIO:sufS)
20	12	-	-	ECK1676	ECK1676-20-12	sufS	aph(KEIO:sufS)
20	13	-	-	ECK3358	ECK3358-20-13	frlA	aph(KEIO:frlA)
20	14	-	-	ECK3358	ECK3358-20-14	frlA	aph(KEIO:frlA)
20	15	-	-	ECK2245	ECK2245-20-15	ais	aph(KEIO:ais)
20	16	-	-	ECK2245	ECK2245-20-16	ais	aph(KEIO:ais)
20	17	-	-	ECK3336	ECK3336-20-17	slyD	aph(KEIO:slyD)
20	18	-	-	ECK3336	ECK3336-20-18	slyD	aph(KEIO:slyD)
20	19	-	-	ECK2680	ECK2680-20-19	emrB	aph(KEIO:emrB)
20	20	-	-	ECK2680	ECK2680-20-20	emrB	aph(KEIO:emrB)
20	21	-	-	empty	empty-20-21	empty	aph(KEIO:empty)
20	22	-	-	empty	empty-20-22	empty	aph(KEIO:empty)
20	23	-	-	ECK3459	ECK3459-20-23	acpT	aph(KEIO:acpT)
20	24	-	-	ECK3459	ECK3459-20-24	acpT	aph(KEIO:acpT)
20	25	-	-	ECK4230	ECK4230-20-25	pmbA	aph(KEIO:pmbA)
20	26	-	-	ECK4230	ECK4230-20-26	pmbA	aph(KEIO:pmbA)
20	27	-	-	ECK3393	ECK3393-20-27	greB	aph(KEIO:greB)
20	28	-	-	ECK3393	ECK3393-20-28	greB	aph(KEIO:greB)
20	29	-	-	ECK2094	ECK2094-20-29	yegW	aph(KEIO:yegW)
20	30	-	-	ECK2094	ECK2094-20-30	yegW	aph(KEIO:yegW)
20	31	-	-	ECK3551	ECK3551-20-31	yiaA	aph(KEIO:yiaA)
20	32	-	-	ECK3551	ECK3551-20-32	yiaA	aph(KEIO:yiaA)
20	33	-	-	ECK4289	ECK4289-20-33	sgcR	aph(KEIO:sgcR)
20	34	-	-	ECK4289	ECK4289-20-34	sgcR	aph(KEIO:sgcR)
20	35	-	-	ECK3701	ECK3701-20-35	tnaA	aph(KEIO:tnaA)
20	36	-	-	ECK3701	ECK3701-20-36	tnaA	aph(KEIO:tnaA)
20	37	-	-	ECK0372	ECK0372-20-37	sbmA	aph(KEIO:sbmA)
20	38	-	-	ECK0372	ECK0372-20-38	sbmA	aph(KEIO:sbmA)
20	39	-	-	ECK4010	ECK4010-20-39	iclR	aph(KEIO:iclR)
20	40	-	-	ECK4010	ECK4010-20-40	iclR	aph(KEIO:iclR)
20	41	-	-	ECK0549	ECK0549-20-41	borD	aph(KEIO:borD)
20	42	-	-	ECK0549	ECK0549-20-42	borD	aph(KEIO:borD)
20	43	-	-	ECK4165	ECK4165-20-43	amiB	aph(KEIO:amiB)
20	44	-	-	ECK4165	ECK4165-20-44	amiB	aph(KEIO:amiB)
20	45	-	-	ECK0926	ECK0926-20-45	ssuD	aph(KEIO:ssuD)
20	46	-	-	ECK0926	ECK0926-20-46	ssuD	aph(KEIO:ssuD)
20	47	-	-	ECK4146	ECK4146-20-47	ampC	aph(KEIO:ampC)
20	48	-	-	ECK4146	ECK4146-20-48	ampC	aph(KEIO:ampC)
21	1	-	-	ECK0043	ECK0043-21-1	fixB	aph(KEIO:fixB)
21	2	-	-	ECK0043	ECK0043-21-2	fixB	aph(KEIO:fixB)
21	3	-	-	ECK1514	ECK1514-21-3	uxaB	aph(KEIO:uxaB)
21	4	-	-	ECK1514	ECK1514-21-4	uxaB	aph(KEIO:uxaB)
21	5	-	-	ECK1265	ECK1265-21-5	yciK	aph(KEIO:yciK)
21	6	-	-	ECK1265	ECK1265-21-6	yciK	aph(KEIO:yciK)
21	7	-	-	ECK1626	ECK1626-21-7	rsxD	aph(KEIO:rsxD)
21	8	-	-	ECK1626	ECK1626-21-8	rsxD	aph(KEIO:rsxD)
21	9	-	-	ECK3783	ECK3783-21-9	rffA	aph(KEIO:rffA)
21	10	-	-	ECK3783	ECK3783-21-10	rffA	aph(KEIO:rffA)
21	11	-	-	ECK1926	ECK1926-21-11	amyA	aph(KEIO:amyA)
21	12	-	-	ECK1926	ECK1926-21-12	amyA	aph(KEIO:amyA)
21	13	-	-	ECK0052	ECK0052-21-13	rsmA	aph(KEIO:rsmA)
21	14	-	-	ECK0052	ECK0052-21-14	rsmA	aph(KEIO:rsmA)
21	15	-	-	ECK2194	ECK2194-21-15	napC	aph(KEIO:napC)
21	16	-	-	ECK2194	ECK2194-21-16	napC	aph(KEIO:napC)
21	17	-	-	ECK0392	ECK0392-21-17	sbcD	aph(KEIO:sbcD)
21	18	-	-	ECK0392	ECK0392-21-18	sbcD	aph(KEIO:sbcD)
21	19	-	-	ECK2234	ECK2234-21-19	glpB	aph(KEIO:glpB)
21	20	-	-	ECK2234	ECK2234-21-20	glpB	aph(KEIO:glpB)
21	21	-	-	ECK0604	ECK0604-21-21	rna	aph(KEIO:rna)
21	22	-	-	ECK0604	ECK0604-21-22	rna	aph(KEIO:rna)
21	23	-	-	ECK2549	ECK2549-21-23	hmp	aph(KEIO:hmp)
21	24	-	-	ECK2549	ECK2549-21-24	hmp	aph(KEIO:hmp)
21	25	-	-	ECK1227	ECK1227-21-25	purU	aph(KEIO:purU)
21	26	-	-	ECK1227	ECK1227-21-26	purU	aph(KEIO:purU)
21	27	-	-	ECK2715	ECK2715-21-27	hycF	aph(KEIO:hycF)
21	28	-	-	ECK2715	ECK2715-21-28	hycF	aph(KEIO:hycF)
21	29	-	-	ECK0045	ECK0045-21-29	fixX	aph(KEIO:fixX)
21	30	-	-	ECK0045	ECK0045-21-30	fixX	aph(KEIO:fixX)
21	31	-	-	ECK2988	ECK2988-21-31	hybC	aph(KEIO:hybC)
21	32	-	-	ECK2988	ECK2988-21-32	hybC	aph(KEIO:hybC)
21	33	-	-	ECK0353	ECK0353-21-33	frmA	aph(KEIO:frmA)
21	34	-	-	ECK0353	ECK0353-21-34	frmA	aph(KEIO:frmA)
21	35	-	-	ECK3082	ECK3082-21-35	uxaA	aph(KEIO:uxaA)
21	36	-	-	ECK3082	ECK3082-21-36	uxaA	aph(KEIO:uxaA)
21	37	-	-	ECK0748	ECK0748-21-37	galE	aph(KEIO:galE)
21	38	-	-	ECK0748	ECK0748-21-38	galE	aph(KEIO:galE)
21	39	-	-	ECK3410	ECK3410-21-39	glpG	aph(KEIO:glpG)
21	40	-	-	ECK3410	ECK3410-21-40	glpG	aph(KEIO:glpG)
21	41	-	-	ECK0988	ECK0988-21-41	torA	aph(KEIO:torA)
21	42	-	-	ECK0988	ECK0988-21-42	torA	aph(KEIO:torA)
21	43	-	-	ECK3553	ECK3553-21-43	xylB	aph(KEIO:xylB)
21	44	-	-	ECK3553	ECK3553-21-44	xylB	aph(KEIO:xylB)
21	45	-	-	ECK1438	ECK1438-21-45	patD	aph(KEIO:patD)
21	46	-	-	ECK1438	ECK1438-21-46	patD	aph(KEIO:patD)
21	47	-	-	ECK3600	ECK3600-21-47	grxC	aph(KEIO:grxC)
21	48	-	-	ECK3600	ECK3600-21-48	grxC	aph(KEIO:grxC)
22	1	-	-	ECK4081	ECK4081-22-1	alsB	aph(KEIO:alsB)
22	2	-	-	ECK4081	ECK4081-22-2	alsB	aph(KEIO:alsB)
22	3	-	-	ECK3195	ECK3195-22-3	npr	aph(KEIO:npr)
22	4	-	-	ECK3195	ECK3195-22-4	npr	aph(KEIO:npr)
22	5	-	-	ECK4206	ECK4206-22-5	ytfF	aph(KEIO:ytfF)
22	6	-	-	ECK4206	ECK4206-22-6	ytfF	aph(KEIO:ytfF)
22	7	-	-	ECK3395	ECK3395-22-7	feoA	aph(KEIO:feoA)
22	8	-	-	ECK3395	ECK3395-22-8	feoA	aph(KEIO:feoA)
22	9	-	-	ECK4357	ECK4357-22-9	fhuF	aph(KEIO:fhuF)
22	10	-	-	ECK4357	ECK4357-22-10	fhuF	aph(KEIO:fhuF)
22	11	-	-	ECK3441	ECK3441-22-11	livH	aph(KEIO:livH)
22	12	-	-	ECK3441	ECK3441-22-12	livH	aph(KEIO:livH)
22	13	-	-	ECK0850	ECK0850-22-13	rlmC	aph(KEIO:rlmC)
22	14	-	-	ECK0850	ECK0850-22-14	rlmC	aph(KEIO:rlmC)
22	15	-	-	ECK3527	ECK3527-22-15	dppF	aph(KEIO:dppF)
22	16	-	-	ECK3527	ECK3527-22-16	dppF	aph(KEIO:dppF)
22	17	-	-	ECK1715	ECK1715-22-17	rpmI	aph(KEIO:rpmI)
22	18	-	-	ECK1715	ECK1715-22-18	rpmI	aph(KEIO:rpmI)
22	19	-	-	ECK3643	ECK3643-22-19	gltS	aph(KEIO:gltS)
22	20	-	-	ECK3643	ECK3643-22-20	gltS	aph(KEIO:gltS)
22	21	-	-	ECK2481	ECK2481-22-21	hyfE	aph(KEIO:hyfE)
22	22	-	-	ECK2481	ECK2481-22-22	hyfE	aph(KEIO:hyfE)
22	23	-	-	ECK0346	ECK0346-22-23	mhpC	aph(KEIO:mhpC)
22	24	-	-	ECK0346	ECK0346-22-24	mhpC	aph(KEIO:mhpC)
22	25	-	-	ECK2216	ECK2216-22-25	atoE	aph(KEIO:atoE)
22	26	-	-	ECK2216	ECK2216-22-26	atoE	aph(KEIO:atoE)
22	27	-	-	ECK0749	ECK0749-22-27	modF	aph(KEIO:modF)
22	28	-	-	ECK0749	ECK0749-22-28	modF	aph(KEIO:modF)
22	29	-	-	ECK2410	ECK2410-22-29	ptsH	aph(KEIO:ptsH)
22	30	-	-	ECK2410	ECK2410-22-30	ptsH	aph(KEIO:ptsH)
22	31	-	-	ECK1256	ECK1256-22-31	trpC	aph(KEIO:trpC)
22	32	-	-	ECK1256	ECK1256-22-32	trpC	aph(KEIO:trpC)
22	33	-	-	ECK2489	ECK2489-22-33	yfgO	aph(KEIO:yfgO)
22	34	-	-	ECK2489	ECK2489-22-34	yfgO	aph(KEIO:yfgO)
22	35	-	-	ECK1443	ECK1443-22-35	curA	aph(KEIO:curA)
22	36	-	-	ECK1443	ECK1443-22-36	curA	aph(KEIO:curA)
22	37	-	-	ECK2710	ECK2710-22-37	ascF	aph(KEIO:ascF)
22	38	-	-	ECK2710	ECK2710-22-38	ascF	aph(KEIO:ascF)
22	39	-	-	ECK1912	ECK1912-22-39	uvrC	aph(KEIO:uvrC)
22	40	-	-	ECK1912	ECK1912-22-40	uvrC	aph(KEIO:uvrC)
22	41	-	-	ECK2928	ECK2928-22-41	cmtA	aph(KEIO:cmtA)
22	42	-	-	ECK2928	ECK2928-22-42	cmtA	aph(KEIO:cmtA)
22	43	-	-	ECK2239	ECK2239-22-43	yfaV	aph(KEIO:yfaV)
22	44	-	-	ECK2239	ECK2239-22-44	yfaV	aph(KEIO:yfaV)
22	45	-	-	ECK3125	ECK3125-22-45	kbaY	aph(KEIO:kbaY)
22	46	-	-	ECK3125	ECK3125-22-46	kbaY	aph(KEIO:kbaY)
22	47	-	-	ECK2448	ECK2448-22-47	eutG	aph(KEIO:eutG)
22	48	-	-	ECK2448	ECK2448-22-48	eutG	aph(KEIO:eutG)
23	1	-	-	ECK3837	ECK3837-23-1	fadA	aph(KEIO:fadA)
23	2	-	-	ECK3837	ECK3837-23-2	fadA	aph(KEIO:fadA)
23	3	-	-	ECK0799	ECK0799-23-3	glnP	aph(KEIO:glnP)
23	4	-	-	ECK0799	ECK0799-23-4	glnP	aph(KEIO:glnP)
23	5	-	-	ECK1629	ECK1629-23-5	nth	aph(KEIO:nth)
23	6	-	-	ECK1629	ECK1629-23-6	nth	aph(KEIO:nth)
23	7	-	-	ECK0853	ECK0853-23-7	artQ	aph(KEIO:artQ)
23	8	-	-	ECK0853	ECK0853-23-8	artQ	aph(KEIO:artQ)
23	9	-	-	ECK2136	ECK2136-23-9	cdd	aph(KEIO:cdd)
23	10	-	-	ECK2136	ECK2136-23-10	cdd	aph(KEIO:cdd)
23	11	-	-	ECK1038	ECK1038-23-11	mdtG	aph(KEIO:mdtG)
23	12	-	-	ECK1038	ECK1038-23-12	mdtG	aph(KEIO:mdtG)
23	13	-	-	ECK2496	ECK2496-23-13	purN	aph(KEIO:purN)
23	14	-	-	ECK2496	ECK2496-23-14	purN	aph(KEIO:purN)
23	15	-	-	ECK1240	ECK1240-23-15	oppD	aph(KEIO:oppD)
23	16	-	-	ECK1240	ECK1240-23-16	oppD	aph(KEIO:oppD)
23	17	-	-	ECK2839	ECK2839-23-17	araE	aph(KEIO:araE)
23	18	-	-	ECK2839	ECK2839-23-18	araE	aph(KEIO:araE)
23	19	-	-	ECK1313	ECK1313-23-19	ycjV	aph(KEIO:ycjV)
23	20	-	-	ECK1313	ECK1313-23-20	ycjV	aph(KEIO:ycjV)
23	21	-	-	ECK4232	ECK4232-23-21	nrdG	aph(KEIO:nrdG)
23	22	-	-	ECK4232	ECK4232-23-22	nrdG	aph(KEIO:nrdG)
23	23	-	-	ECK1486	ECK1486-23-23	gadC	aph(KEIO:gadC)
23	24	-	-	ECK1486	ECK1486-23-24	gadC	aph(KEIO:gadC)
23	25	-	-	ECK0304	ECK0304-23-25	ykgD	aph(KEIO:ykgD)
23	26	-	-	ECK0304	ECK0304-23-26	ykgD	aph(KEIO:ykgD)
23	27	-	-	ECK1709	ECK1709-23-27	btuC	aph(KEIO:btuC)
23	28	-	-	ECK1709	ECK1709-23-28	btuC	aph(KEIO:btuC)
23	29	-	-	ECK1316	ECK1316-23-29	ycjW	aph(KEIO:ycjW)
23	30	-	-	ECK1316	ECK1316-23-30	ycjW	aph(KEIO:ycjW)
23	31	-	-	empty	empty-23-31	empty	aph(KEIO:empty)
23	32	-	-	empty	empty-23-32	empty	aph(KEIO:empty)
23	33	-	-	ECK2865	ECK2865-23-33	ygeV	aph(KEIO:ygeV)
23	34	-	-	ECK2865	ECK2865-23-34	ygeV	aph(KEIO:ygeV)
23	35	-	-	ECK1976	ECK1976-23-35	shiA	aph(KEIO:shiA)
23	36	-	-	ECK1976	ECK1976-23-36	shiA	aph(KEIO:shiA)
23	37	-	-	ECK3800	ECK3800-23-37	cyaA	aph(KEIO:cyaA)
23	38	-	-	ECK3800	ECK3800-23-38	cyaA	aph(KEIO:cyaA)
23	39	-	-	ECK3673	ECK3673-23-39	glvG	aph(KEIO:glvG)
23	40	-	-	ECK3673	ECK3673-23-40	glvG	aph(KEIO:glvG)
23	41	-	-	ECK0585	ECK0585-23-41	fepB	aph(KEIO:fepB)
23	42	-	-	ECK0585	ECK0585-23-42	fepB	aph(KEIO:fepB)
23	43	-	-	ECK3744	ECK3744-23-43	rbsC	aph(KEIO:rbsC)
23	44	-	-	ECK3744	ECK3744-23-44	rbsC	aph(KEIO:rbsC)
23	45	-	-	ECK0684	ECK0684-23-45	kdpC	aph(KEIO:kdpC)
23	46	-	-	ECK0684	ECK0684-23-46	kdpC	aph(KEIO:kdpC)
23	47	-	-	empty	empty-23-47	empty	aph(KEIO:empty)
23	48	-	-	empty	empty-23-48	empty	aph(KEIO:empty)
24	1	-	-	ECK2875	ECK2875-24-1	ssnA	aph(KEIO:ssnA)
24	2	-	-	ECK2875	ECK2875-24-2	ssnA	aph(KEIO:ssnA)
24	3	-	-	ECK1302	ECK1302-24-3	pspD	aph(KEIO:pspD)
24	4	-	-	ECK1302	ECK1302-24-4	pspD	aph(KEIO:pspD)
24	5	-	-	ECK3085	ECK3085-24-5	exuR	aph(KEIO:exuR)
24	6	-	-	ECK3085	ECK3085-24-6	exuR	aph(KEIO:exuR)
24	7	-	-	ECK1525	ECK1525-24-7	marB	aph(KEIO:marB)
24	8	-	-	ECK1525	ECK1525-24-8	marB	aph(KEIO:marB)
24	9	-	-	ECK3198	ECK3198-24-9	elbB	aph(KEIO:elbB)
24	10	-	-	ECK3198	ECK3198-24-10	elbB	aph(KEIO:elbB)
24	11	-	-	ECK1821	ECK1821-24-11	cspC	aph(KEIO:cspC)
24	12	-	-	ECK1821	ECK1821-24-12	cspC	aph(KEIO:cspC)
24	13	-	-	empty	empty-24-13	empty	aph(KEIO:empty)
24	14	-	-	empty	empty-24-14	empty	aph(KEIO:empty)
24	15	-	-	ECK2307	ECK2307-24-15	cvpA	aph(KEIO:cvpA)
24	16	-	-	ECK2307	ECK2307-24-16	cvpA	aph(KEIO:cvpA)
24	17	-	-	ECK3351	ECK3351-24-17	ppiA	aph(KEIO:ppiA)
24	18	-	-	ECK3351	ECK3351-24-18	ppiA	aph(KEIO:ppiA)
24	19	-	-	ECK2739	ECK2739-24-19	surE	aph(KEIO:surE)
24	20	-	-	ECK2739	ECK2739-24-20	surE	aph(KEIO:surE)
24	21	-	-	empty	empty-24-21	empty	aph(KEIO:empty)
24	22	-	-	empty	empty-24-22	empty	aph(KEIO:empty)
24	23	-	-	ECK3479	ECK3479-24-23	uspB	aph(KEIO:uspB)
24	24	-	-	ECK3479	ECK3479-24-24	uspB	aph(KEIO:uspB)
24	25	-	-	ECK4362	ECK4362-24-25	rsmC	aph(KEIO:rsmC)
24	26	-	-	ECK4362	ECK4362-24-26	rsmC	aph(KEIO:rsmC)
24	27	-	-	ECK3394	ECK3394-24-27	yhgF	aph(KEIO:yhgF)
24	28	-	-	ECK3394	ECK3394-24-28	yhgF	aph(KEIO:yhgF)
24	29	-	-	ECK2568	ECK2568-24-29	rseC	aph(KEIO:rseC)
24	30	-	-	ECK2568	ECK2568-24-30	rseC	aph(KEIO:rseC)
24	31	-	-	ECK3577	ECK3577-24-31	aldB	aph(KEIO:aldB)
24	32	-	-	ECK3577	ECK3577-24-32	aldB	aph(KEIO:aldB)
24	33	-	-	ECK4388	ECK4388-24-33	rob	aph(KEIO:rob)
24	34	-	-	ECK4388	ECK4388-24-34	rob	aph(KEIO:rob)
24	35	-	-	ECK3740	ECK3740-24-35	ravA	aph(KEIO:ravA)
24	36	-	-	ECK3740	ECK3740-24-36	ravA	aph(KEIO:ravA)
24	37	-	-	ECK0427	ECK0427-24-37	ampG	aph(KEIO:ampG)
24	38	-	-	ECK0427	ECK0427-24-38	ampG	aph(KEIO:ampG)
24	39	-	-	ECK4064	ECK4064-24-39	nrfB	aph(KEIO:nrfB)
24	40	-	-	ECK4064	ECK4064-24-40	nrfB	aph(KEIO:nrfB)
24	41	-	-	ECK0561	ECK0561-24-41	nfrB	aph(KEIO:nfrB)
24	42	-	-	ECK0561	ECK0561-24-42	nfrB	aph(KEIO:nfrB)
24	43	-	-	ECK4244	ECK4244-24-43	bdcR	aph(KEIO:bdcR)
24	44	-	-	ECK4244	ECK4244-24-44	bdcR	aph(KEIO:bdcR)
24	45	-	-	ECK0941	ECK0941-24-45	pqiA	aph(KEIO:pqiA)
24	46	-	-	ECK0941	ECK0941-24-46	pqiA	aph(KEIO:pqiA)
24	47	-	-	ECK4190	ECK4190-24-47	ulaB	aph(KEIO:ulaB)
24	48	-	-	ECK4190	ECK4190-24-48	ulaB	aph(KEIO:ulaB)
25	1	-	-	ECK0044	ECK0044-25-1	fixC	aph(KEIO:fixC)
25	2	-	-	ECK0044	ECK0044-25-2	fixC	aph(KEIO:fixC)
25	3	-	-	ECK1582	ECK1582-25-3	ynfE	aph(KEIO:ynfE)
25	4	-	-	ECK1582	ECK1582-25-4	ynfE	aph(KEIO:ynfE)
25	5	-	-	ECK1532	ECK1532-25-5	ydfG	aph(KEIO:ydfG)
25	6	-	-	ECK1532	ECK1532-25-6	ydfG	aph(KEIO:ydfG)
25	7	-	-	ECK1628	ECK1628-25-7	rsxE	aph(KEIO:rsxE)
25	8	-	-	ECK1628	ECK1628-25-8	rsxE	aph(KEIO:rsxE)
25	9	-	-	ECK3784	ECK3784-25-9	wzxE	aph(KEIO:wzxE)
25	10	-	-	ECK3784	ECK3784-25-10	wzxE	aph(KEIO:wzxE)
25	11	-	-	ECK2048	ECK2048-25-11	wcaF	aph(KEIO:wcaF)
25	12	-	-	ECK2048	ECK2048-25-12	wcaF	aph(KEIO:wcaF)
25	13	-	-	ECK0104	ECK0104-25-13	guaC	aph(KEIO:guaC)
25	14	-	-	ECK0104	ECK0104-25-14	guaC	aph(KEIO:guaC)
25	15	-	-	ECK2196	ECK2196-25-15	napH	aph(KEIO:napH)
25	16	-	-	ECK2196	ECK2196-25-16	napH	aph(KEIO:napH)
25	17	-	-	ECK0416	ECK0416-25-17	xseB	aph(KEIO:xseB)
25	18	-	-	ECK0416	ECK0416-25-18	xseB	aph(KEIO:xseB)
25	19	-	-	ECK2235	ECK2235-25-19	glpC	aph(KEIO:glpC)
25	20	-	-	ECK2235	ECK2235-25-20	glpC	aph(KEIO:glpC)
25	21	-	-	ECK0644	ECK0644-25-21	rihA	aph(KEIO:rihA)
25	22	-	-	ECK0644	ECK0644-25-22	rihA	aph(KEIO:rihA)
25	23	-	-	ECK2667	ECK2667-25-23	nrdH	aph(KEIO:nrdH)
25	24	-	-	ECK2667	ECK2667-25-24	nrdH	aph(KEIO:nrdH)
25	25	-	-	ECK1233	ECK1233-25-25	tdk	aph(KEIO:tdk)
25	26	-	-	ECK1233	ECK1233-25-26	tdk	aph(KEIO:tdk)
25	27	-	-	ECK2716	ECK2716-25-27	hycE	aph(KEIO:hycE)
25	28	-	-	ECK2716	ECK2716-25-28	hycE	aph(KEIO:hycE)
25	29	-	-	ECK0047	ECK0047-25-29	kefF	aph(KEIO:kefF)
25	30	-	-	ECK0047	ECK0047-25-30	kefF	aph(KEIO:kefF)
25	31	-	-	ECK2991	ECK2991-25-31	hybO	aph(KEIO:hybO)
25	32	-	-	ECK2991	ECK2991-25-32	hybO	aph(KEIO:hybO)
25	33	-	-	ECK0397	ECK0397-25-33	malZ	aph(KEIO:malZ)
25	34	-	-	ECK0397	ECK0397-25-34	malZ	aph(KEIO:malZ)
25	35	-	-	ECK3083	ECK3083-25-35	uxaC	aph(KEIO:uxaC)
25	36	-	-	ECK3083	ECK3083-25-36	uxaC	aph(KEIO:uxaC)
25	37	-	-	ECK0887	ECK0887-25-37	dmsC	aph(KEIO:dmsC)
25	38	-	-	ECK0887	ECK0887-25-38	dmsC	aph(KEIO:dmsC)
25	39	-	-	ECK3411	ECK3411-25-39	glpE	aph(KEIO:glpE)
25	40	-	-	ECK3411	ECK3411-25-40	glpE	aph(KEIO:glpE)
25	41	-	-	ECK1049	ECK1049-25-41	grxB	aph(KEIO:grxB)
25	42	-	-	ECK1049	ECK1049-25-42	grxB	aph(KEIO:grxB)
25	43	-	-	ECK3554	ECK3554-25-43	xylA	aph(KEIO:xylA)
25	44	-	-	ECK3554	ECK3554-25-44	xylA	aph(KEIO:xylA)
25	45	-	-	ECK1459	ECK1459-25-45	narV	aph(KEIO:narV)
25	46	-	-	ECK1459	ECK1459-25-46	narV	aph(KEIO:narV)
25	47	-	-	ECK3714	ECK3714-25-47	bglB	aph(KEIO:bglB)
25	48	-	-	ECK3714	ECK3714-25-48	bglB	aph(KEIO:bglB)
26	1	-	-	ECK4098	ECK4098-26-1	phnD	aph(KEIO:phnD)
26	2	-	-	ECK4098	ECK4098-26-2	phnD	aph(KEIO:phnD)
26	3	-	-	ECK3216	ECK3216-26-3	dcuD	aph(KEIO:dcuD)
26	4	-	-	ECK3216	ECK3216-26-4	dcuD	aph(KEIO:dcuD)
26	5	-	-	ECK4235	ECK4235-26-5	treB	aph(KEIO:treB)
26	6	-	-	ECK4235	ECK4235-26-6	treB	aph(KEIO:treB)
26	7	-	-	ECK3396	ECK3396-26-7	feoB	aph(KEIO:feoB)
26	8	-	-	ECK3396	ECK3396-26-8	feoB	aph(KEIO:feoB)
26	9	-	-	ECK4392	ECK4392-26-9	creD	aph(KEIO:creD)
26	10	-	-	ECK4392	ECK4392-26-10	creD	aph(KEIO:creD)
26	11	-	-	ECK3442	ECK3442-26-11	livK	aph(KEIO:livK)
26	12	-	-	ECK3442	ECK3442-26-12	livK	aph(KEIO:livK)
26	13	-	-	ECK0876	ECK0876-26-13	aat	aph(KEIO:aat)
26	14	-	-	ECK0876	ECK0876-26-14	aat	aph(KEIO:aat)
26	15	-	-	ECK3528	ECK3528-26-15	dppD	aph(KEIO:dppD)
26	16	-	-	ECK3528	ECK3528-26-16	dppD	aph(KEIO:dppD)
26	17	-	-	ECK1762	ECK1762-26-17	selD	aph(KEIO:selD)
26	18	-	-	ECK1762	ECK1762-26-18	selD	aph(KEIO:selD)
26	19	-	-	ECK3644	ECK3644-26-19	xanP	aph(KEIO:xanP)
26	20	-	-	ECK3644	ECK3644-26-20	xanP	aph(KEIO:xanP)
26	21	-	-	ECK2482	ECK2482-26-21	hyfF	aph(KEIO:hyfF)
26	22	-	-	ECK2482	ECK2482-26-22	hyfF	aph(KEIO:hyfF)
26	23	-	-	ECK0362	ECK0362-26-23	tauA	aph(KEIO:tauA)
26	24	-	-	ECK0362	ECK0362-26-24	tauA	aph(KEIO:tauA)
26	25	-	-	ECK2300	ECK2300-26-25	hisP	aph(KEIO:hisP)
26	26	-	-	ECK2300	ECK2300-26-26	hisP	aph(KEIO:hisP)
26	27	-	-	ECK0785	ECK0785-26-27	ybiH	aph(KEIO:ybiH)
26	28	-	-	ECK0785	ECK0785-26-28	ybiH	aph(KEIO:ybiH)
26	29	-	-	ECK2411	ECK2411-26-29	ptsI	aph(KEIO:ptsI)
26	30	-	-	ECK2411	ECK2411-26-30	ptsI	aph(KEIO:ptsI)
26	31	-	-	ECK1291	ECK1291-26-31	puuP	aph(KEIO:puuP)
26	32	-	-	ECK1291	ECK1291-26-32	puuP	aph(KEIO:puuP)
26	33	-	-	ECK2493	ECK2493-26-33	uraA	aph(KEIO:uraA)
26	34	-	-	ECK2493	ECK2493-26-34	uraA	aph(KEIO:uraA)
26	35	-	-	ECK1472	ECK1472-26-35	adhP	aph(KEIO:adhP)
26	36	-	-	ECK1472	ECK1472-26-36	adhP	aph(KEIO:adhP)
26	37	-	-	ECK2735	ECK2735-26-37	ygbN	aph(KEIO:ygbN)
26	38	-	-	ECK2735	ECK2735-26-38	ygbN	aph(KEIO:ygbN)
26	39	-	-	ECK1920	ECK1920-26-39	fliZ	aph(KEIO:fliZ)
26	40	-	-	ECK1920	ECK1920-26-40	fliZ	aph(KEIO:fliZ)
26	41	-	-	ECK2929	ECK2929-26-41	cmtB	aph(KEIO:cmtB)
26	42	-	-	ECK2929	ECK2929-26-42	cmtB	aph(KEIO:cmtB)
26	43	-	-	ECK2253	ECK2253-26-43	pmrD	aph(KEIO:pmrD)
26	44	-	-	ECK2253	ECK2253-26-44	pmrD	aph(KEIO:pmrD)
26	45	-	-	ECK3126	ECK3126-26-45	agaB	aph(KEIO:agaB)
26	46	-	-	ECK3126	ECK3126-26-46	agaB	aph(KEIO:agaB)
26	47	-	-	ECK2475	ECK2475-26-47	gcvR	aph(KEIO:gcvR)
26	48	-	-	ECK2475	ECK2475-26-48	gcvR	aph(KEIO:gcvR)
27	1	-	-	ECK3838	ECK3838-27-1	fadB	aph(KEIO:fadB)
27	2	-	-	ECK3838	ECK3838-27-2	fadB	aph(KEIO:fadB)
27	3	-	-	ECK0800	ECK0800-27-3	glnH	aph(KEIO:glnH)
27	4	-	-	ECK0800	ECK0800-27-4	glnH	aph(KEIO:glnH)
27	5	-	-	ECK1747	ECK1747-27-5	xthA	aph(KEIO:xthA)
27	6	-	-	ECK1747	ECK1747-27-6	xthA	aph(KEIO:xthA)
27	7	-	-	ECK0854	ECK0854-27-7	artI	aph(KEIO:artI)
27	8	-	-	ECK0854	ECK0854-27-8	artI	aph(KEIO:artI)
27	9	-	-	ECK2152	ECK2152-27-9	nfo	aph(KEIO:nfo)
27	10	-	-	ECK2152	ECK2152-27-10	nfo	aph(KEIO:nfo)
27	11	-	-	ECK1087	ECK1087-27-11	ptsG	aph(KEIO:ptsG)
27	12	-	-	ECK1087	ECK1087-27-12	ptsG	aph(KEIO:ptsG)
27	13	-	-	ECK2505	ECK2505-27-13	xseA	aph(KEIO:xseA)
27	14	-	-	ECK2505	ECK2505-27-14	xseA	aph(KEIO:xseA)
27	15	-	-	ECK1244	ECK1244-27-15	kch	aph(KEIO:kch)
27	16	-	-	ECK1244	ECK1244-27-16	kch	aph(KEIO:kch)
27	17	-	-	ECK2887	ECK2887-27-17	recJ	aph(KEIO:recJ)
27	18	-	-	ECK2887	ECK2887-27-18	recJ	aph(KEIO:recJ)
27	19	-	-	ECK1362	ECK1362-27-19	trkG	aph(KEIO:trkG)
27	20	-	-	ECK1362	ECK1362-27-20	trkG	aph(KEIO:trkG)
27	21	-	-	ECK4233	ECK4233-27-21	nrdD	aph(KEIO:nrdD)
27	22	-	-	ECK4233	ECK4233-27-22	nrdD	aph(KEIO:nrdD)
27	23	-	-	ECK1489	ECK1489-27-23	yddB	aph(KEIO:yddB)
27	24	-	-	ECK1489	ECK1489-27-24	yddB	aph(KEIO:yddB)
27	25	-	-	ECK0444	ECK0444-27-25	glnK	aph(KEIO:glnK)
27	26	-	-	ECK0444	ECK0444-27-26	glnK	aph(KEIO:glnK)
27	27	-	-	ECK1727	ECK1727-27-27	ydjN	aph(KEIO:ydjN)
27	28	-	-	ECK1727	ECK1727-27-28	ydjN	aph(KEIO:ydjN)
27	29	-	-	ECK1381	ECK1381-27-29	feaR	aph(KEIO:feaR)
27	30	-	-	ECK1381	ECK1381-27-30	feaR	aph(KEIO:feaR)
27	31	-	-	empty	empty-27-31	empty	aph(KEIO:empty)
27	32	-	-	empty	empty-27-32	empty	aph(KEIO:empty)
27	33	-	-	ECK3050	ECK3050-27-33	ttdR	aph(KEIO:ttdR)
27	34	-	-	ECK3050	ECK3050-27-34	ttdR	aph(KEIO:ttdR)
27	35	-	-	ECK2085	ECK2085-27-35	gatC	aph(KEIO:gatC)
27	36	-	-	ECK2085	ECK2085-27-36	gatC	aph(KEIO:gatC)
27	37	-	-	ECK3945	ECK3945-27-37	yijO	aph(KEIO:yijO)
27	38	-	-	ECK3945	ECK3945-27-38	yijO	aph(KEIO:yijO)
27	39	-	-	ECK3674	ECK3674-27-39	glvB	aph(KEIO:glvB)
27	40	-	-	ECK3674	ECK3674-27-40	glvB	aph(KEIO:glvB)
27	41	-	-	ECK0605	ECK0605-27-41	citT	aph(KEIO:citT)
27	42	-	-	ECK0605	ECK0605-27-42	citT	aph(KEIO:citT)
27	43	-	-	ECK3810	ECK3810-27-43	corA	aph(KEIO:corA)
27	44	-	-	ECK3810	ECK3810-27-44	corA	aph(KEIO:corA)
27	45	-	-	ECK0686	ECK0686-27-45	kdpA	aph(KEIO:kdpA)
27	46	-	-	ECK0686	ECK0686-27-46	kdpA	aph(KEIO:kdpA)
27	47	-	-	ECK4023	ECK4023-27-47	xylE	aph(KEIO:xylE)
27	48	-	-	ECK4023	ECK4023-27-48	xylE	aph(KEIO:xylE)
28	1	-	-	ECK2896	ECK2896-28-1	bglA	aph(KEIO:bglA)
28	2	-	-	ECK2896	ECK2896-28-2	bglA	aph(KEIO:bglA)
28	3	-	-	ECK1303	ECK1303-28-3	pspE	aph(KEIO:pspE)
28	4	-	-	ECK1303	ECK1303-28-4	pspE	aph(KEIO:pspE)
28	5	-	-	ECK3104	ECK3104-28-5	tdcD	aph(KEIO:tdcD)
28	6	-	-	ECK3104	ECK3104-28-6	tdcD	aph(KEIO:tdcD)
28	7	-	-	empty	empty-28-7	empty	aph(KEIO:empty)
28	8	-	-	empty	empty-28-8	empty	aph(KEIO:empty)
28	9	-	-	ECK3213	ECK3213-28-9	nanT	aph(KEIO:nanT)
28	10	-	-	ECK3213	ECK3213-28-10	nanT	aph(KEIO:nanT)
28	11	-	-	ECK1894	ECK1894-28-11	uspC	aph(KEIO:uspC)
28	12	-	-	ECK1894	ECK1894-28-12	uspC	aph(KEIO:uspC)
28	13	-	-	ECK2738	ECK2738-28-13	pcm	aph(KEIO:pcm)
28	14	-	-	ECK2738	ECK2738-28-14	pcm	aph(KEIO:pcm)
28	15	-	-	ECK2363	ECK2363-28-15	emrY	aph(KEIO:emrY)
28	16	-	-	ECK2363	ECK2363-28-16	emrY	aph(KEIO:emrY)
28	17	-	-	ECK3579	ECK3579-28-17	selB	aph(KEIO:selB)
28	18	-	-	ECK3579	ECK3579-28-18	selB	aph(KEIO:selB)
28	19	-	-	ECK2776	ECK2776-28-19	mazF	aph(KEIO:mazF)
28	20	-	-	ECK2776	ECK2776-28-20	mazF	aph(KEIO:mazF)
28	21	-	-	ECK4082	ECK4082-28-21	rpiR	aph(KEIO:rpiR)
28	22	-	-	ECK4082	ECK4082-28-22	rpiR	aph(KEIO:rpiR)
28	23	-	-	ECK3480	ECK3480-28-23	uspA	aph(KEIO:uspA)
28	24	-	-	ECK3480	ECK3480-28-24	uspA	aph(KEIO:uspA)
28	25	-	-	ECK4364	ECK4364-28-25	rimI	aph(KEIO:rimI)
28	26	-	-	ECK4364	ECK4364-28-26	rimI	aph(KEIO:rimI)
28	27	-	-	empty	empty-28-27	empty	aph(KEIO:empty)
28	28	-	-	empty	empty-28-28	empty	aph(KEIO:empty)
28	29	-	-	ECK2569	ECK2569-28-29	rseB	aph(KEIO:rseB)
28	30	-	-	ECK2569	ECK2569-28-30	rseB	aph(KEIO:rseB)
28	31	-	-	ECK3635	ECK3635-28-31	dinD	aph(KEIO:dinD)
28	32	-	-	ECK3635	ECK3635-28-32	dinD	aph(KEIO:dinD)
28	33	-	-	ECK0054	ECK0054-28-33	surA	aph(KEIO:surA)
28	34	-	-	ECK0054	ECK0054-28-34	surA	aph(KEIO:surA)
28	35	-	-	ECK3830	ECK3830-28-35	tatA	aph(KEIO:tatA)
28	36	-	-	ECK3830	ECK3830-28-36	tatA	aph(KEIO:tatA)
28	37	-	-	ECK0450	ECK0450-28-37	ybaA	aph(KEIO:ybaA)
28	38	-	-	ECK0450	ECK0450-28-38	ybaA	aph(KEIO:ybaA)
28	39	-	-	ECK4067	ECK4067-28-39	nrfE	aph(KEIO:nrfE)
28	40	-	-	ECK4067	ECK4067-28-40	nrfE	aph(KEIO:nrfE)
28	41	-	-	ECK0591	ECK0591-28-41	cstA	aph(KEIO:cstA)
28	42	-	-	ECK0591	ECK0591-28-42	cstA	aph(KEIO:cstA)
28	43	-	-	ECK4278	ECK4278-28-43	fecD	aph(KEIO:fecD)
28	44	-	-	ECK4278	ECK4278-28-44	fecD	aph(KEIO:fecD)
28	45	-	-	ECK0942	ECK0942-28-45	pqiB	aph(KEIO:pqiB)
28	46	-	-	ECK0942	ECK0942-28-46	pqiB	aph(KEIO:pqiB)
28	47	-	-	ECK4191	ECK4191-28-47	ulaC	aph(KEIO:ulaC)
28	48	-	-	ECK4191	ECK4191-28-48	ulaC	aph(KEIO:ulaC)
29	1	-	-	ECK0412	ECK0412-29-1	pgpA	aph(KEIO:pgpA)
29	2	-	-	ECK0412	ECK0412-29-2	pgpA	aph(KEIO:pgpA)
29	3	-	-	ECK1584	ECK1584-29-3	ynfG	aph(KEIO:ynfG)
29	4	-	-	ECK1584	ECK1584-29-4	ynfG	aph(KEIO:ynfG)
29	5	-	-	ECK1657	ECK1657-29-5	cfa	aph(KEIO:cfa)
29	6	-	-	ECK1657	ECK1657-29-6	cfa	aph(KEIO:cfa)
29	7	-	-	ECK1732	ECK1732-29-7	chbF	aph(KEIO:chbF)
29	8	-	-	ECK1732	ECK1732-29-8	chbF	aph(KEIO:chbF)
29	9	-	-	ECK3910	ECK3910-29-9	cdh	aph(KEIO:cdh)
29	10	-	-	ECK3910	ECK3910-29-10	cdh	aph(KEIO:cdh)
29	11	-	-	ECK2084	ECK2084-29-11	gatD	aph(KEIO:gatD)
29	12	-	-	ECK2084	ECK2084-29-12	gatD	aph(KEIO:gatD)
29	13	-	-	ECK0158	ECK0158-29-13	mtn	aph(KEIO:mtn)
29	14	-	-	ECK0158	ECK0158-29-14	mtn	aph(KEIO:mtn)
29	15	-	-	ECK2197	ECK2197-29-15	napG	aph(KEIO:napG)
29	16	-	-	ECK2197	ECK2197-29-16	napG	aph(KEIO:napG)
29	17	-	-	ECK0471	ECK0471-29-17	gsk	aph(KEIO:gsk)
29	18	-	-	ECK0471	ECK0471-29-18	gsk	aph(KEIO:gsk)
29	19	-	-	ECK2447	ECK2447-29-19	eutH	aph(KEIO:eutH)
29	20	-	-	ECK2447	ECK2447-29-20	eutH	aph(KEIO:eutH)
29	21	-	-	ECK0703	ECK0703-29-21	nei	aph(KEIO:nei)
29	22	-	-	ECK0703	ECK0703-29-22	nei	aph(KEIO:nei)
29	23	-	-	ECK2700	ECK2700-29-23	srlD	aph(KEIO:srlD)
29	24	-	-	ECK2700	ECK2700-29-24	srlD	aph(KEIO:srlD)
29	25	-	-	empty	empty-29-25	empty	aph(KEIO:empty)
29	26	-	-	empty	empty-29-26	empty	aph(KEIO:empty)
29	27	-	-	ECK2721	ECK2721-29-27	hypA	aph(KEIO:hypA)
29	28	-	-	ECK2721	ECK2721-29-28	hypA	aph(KEIO:hypA)
29	29	-	-	ECK0145	ECK0145-29-29	sfsA	aph(KEIO:sfsA)
29	30	-	-	ECK0145	ECK0145-29-30	sfsA	aph(KEIO:sfsA)
29	31	-	-	ECK3003	ECK3003-29-31	yqhD	aph(KEIO:yqhD)
29	32	-	-	ECK3003	ECK3003-29-32	yqhD	aph(KEIO:yqhD)
29	33	-	-	ECK0453	ECK0453-29-33	maa	aph(KEIO:maa)
29	34	-	-	ECK0453	ECK0453-29-34	maa	aph(KEIO:maa)
29	35	-	-	ECK3177	ECK3177-29-35	sfsB	aph(KEIO:sfsB)
29	36	-	-	ECK3177	ECK3177-29-36	sfsB	aph(KEIO:sfsB)
29	37	-	-	ECK0963	ECK0963-29-37	hyaA	aph(KEIO:hyaA)
29	38	-	-	ECK0963	ECK0963-29-38	hyaA	aph(KEIO:hyaA)
29	39	-	-	ECK3412	ECK3412-29-39	glpD	aph(KEIO:glpD)
29	40	-	-	ECK3412	ECK3412-29-40	glpD	aph(KEIO:glpD)
29	41	-	-	ECK1183	ECK1183-29-41	ymgE	aph(KEIO:ymgE)
29	42	-	-	ECK1183	ECK1183-29-42	ymgE	aph(KEIO:ymgE)
29	43	-	-	ECK3558	ECK3558-29-43	xylR	aph(KEIO:xylR)
29	44	-	-	ECK3558	ECK3558-29-44	xylR	aph(KEIO:xylR)
29	45	-	-	ECK1460	ECK1460-29-45	narW	aph(KEIO:narW)
29	46	-	-	ECK1460	ECK1460-29-46	narW	aph(KEIO:narW)
29	47	-	-	empty	empty-29-47	empty	aph(KEIO:empty)
29	48	-	-	empty	empty-29-48	empty	aph(KEIO:empty)
30	1	-	-	ECK4099	ECK4099-30-1	phnC	aph(KEIO:phnC)
30	2	-	-	ECK4099	ECK4099-30-2	phnC	aph(KEIO:phnC)
30	3	-	-	ECK3275	ECK3275-30-3	rsmB	aph(KEIO:rsmB)
30	4	-	-	ECK3275	ECK3275-30-4	rsmB	aph(KEIO:rsmB)
30	5	-	-	ECK4237	ECK4237-30-5	mgtA	aph(KEIO:mgtA)
30	6	-	-	ECK4237	ECK4237-30-6	mgtA	aph(KEIO:mgtA)
30	7	-	-	ECK3402	ECK3402-30-7	gntT	aph(KEIO:gntT)
30	8	-	-	ECK3402	ECK3402-30-8	gntT	aph(KEIO:gntT)
30	9	-	-	empty	empty-30-9	empty	aph(KEIO:empty)
30	10	-	-	empty	empty-30-10	empty	aph(KEIO:empty)
30	11	-	-	ECK3460	ECK3460-30-11	nikA	aph(KEIO:nikA)
30	12	-	-	ECK3460	ECK3460-30-12	nikA	aph(KEIO:nikA)
30	13	-	-	ECK0944	ECK0944-30-13	rmf	aph(KEIO:rmf)
30	14	-	-	ECK0944	ECK0944-30-14	rmf	aph(KEIO:rmf)
30	15	-	-	ECK3529	ECK3529-30-15	dppC	aph(KEIO:dppC)
30	16	-	-	ECK3529	ECK3529-30-16	dppC	aph(KEIO:dppC)
30	17	-	-	ECK1820	ECK1820-30-17	rlmA	aph(KEIO:rlmA)
30	18	-	-	ECK1820	ECK1820-30-18	rlmA	aph(KEIO:rlmA)
30	19	-	-	ECK3657	ECK3657-30-19	uhpT	aph(KEIO:uhpT)
30	20	-	-	ECK3657	ECK3657-30-20	uhpT	aph(KEIO:uhpT)
30	21	-	-	ECK2483	ECK2483-30-21	hyfG	aph(KEIO:hyfG)
30	22	-	-	ECK2483	ECK2483-30-22	hyfG	aph(KEIO:hyfG)
30	23	-	-	ECK0378	ECK0378-30-23	phoA	aph(KEIO:phoA)
30	24	-	-	ECK0378	ECK0378-30-24	phoA	aph(KEIO:phoA)
30	25	-	-	ECK2303	ECK2303-30-25	hisJ	aph(KEIO:hisJ)
30	26	-	-	ECK2303	ECK2303-30-26	hisJ	aph(KEIO:hisJ)
30	27	-	-	ECK0851	ECK0851-30-27	artJ	aph(KEIO:artJ)
30	28	-	-	ECK0851	ECK0851-30-28	artJ	aph(KEIO:artJ)
30	29	-	-	ECK2412	ECK2412-30-29	crr	aph(KEIO:crr)
30	30	-	-	ECK2412	ECK2412-30-30	crr	aph(KEIO:crr)
30	31	-	-	ECK1298	ECK1298-30-31	pspF	aph(KEIO:pspF)
30	32	-	-	ECK1298	ECK1298-30-32	pspF	aph(KEIO:pspF)
30	33	-	-	ECK2543	ECK2543-30-33	yphD	aph(KEIO:yphD)
30	34	-	-	ECK2543	ECK2543-30-34	yphD	aph(KEIO:yphD)
30	35	-	-	ECK1491	ECK1491-30-35	ydeM	aph(KEIO:ydeM)
30	36	-	-	ECK1491	ECK1491-30-36	ydeM	aph(KEIO:ydeM)
30	37	-	-	ECK2783	ECK2783-30-37	gudP	aph(KEIO:gudP)
30	38	-	-	ECK2783	ECK2783-30-38	gudP	aph(KEIO:gudP)
30	39	-	-	ECK1938	ECK1938-30-39	fliH	aph(KEIO:fliH)
30	40	-	-	ECK1938	ECK1938-30-40	fliH	aph(KEIO:fliH)
30	41	-	-	ECK2981	ECK2981-30-41	pitB	aph(KEIO:pitB)
30	42	-	-	ECK2981	ECK2981-30-42	pitB	aph(KEIO:pitB)
30	43	-	-	ECK2259	ECK2259-30-43	menF	aph(KEIO:menF)
30	44	-	-	ECK2259	ECK2259-30-44	menF	aph(KEIO:menF)
30	45	-	-	ECK3127	ECK3127-30-45	agaC	aph(KEIO:agaC)
30	46	-	-	ECK3127	ECK3127-30-46	agaC	aph(KEIO:agaC)
30	47	-	-	ECK2477	ECK2477-30-47	hyfA	aph(KEIO:hyfA)
30	48	-	-	ECK2477	ECK2477-30-48	hyfA	aph(KEIO:hyfA)
31	1	-	-	ECK3884	ECK3884-31-1	fdhE	aph(KEIO:fdhE)
31	2	-	-	ECK3884	ECK3884-31-2	fdhE	aph(KEIO:fdhE)
31	3	-	-	ECK0810	ECK0810-31-3	ybiT	aph(KEIO:ybiT)
31	4	-	-	ECK0810	ECK0810-31-4	ybiT	aph(KEIO:ybiT)
31	5	-	-	ECK1757	ECK1757-31-5	nudG	aph(KEIO:nudG)
31	6	-	-	ECK1757	ECK1757-31-6	nudG	aph(KEIO:nudG)
31	7	-	-	ECK0855	ECK0855-31-7	artP	aph(KEIO:artP)
31	8	-	-	ECK0855	ECK0855-31-8	artP	aph(KEIO:artP)
31	9	-	-	ECK2155	ECK2155-31-9	rihB	aph(KEIO:rihB)
31	10	-	-	ECK2155	ECK2155-31-10	rihB	aph(KEIO:rihB)
31	11	-	-	ECK1109	ECK1109-31-11	potD	aph(KEIO:potD)
31	12	-	-	ECK1109	ECK1109-31-12	potD	aph(KEIO:potD)
31	13	-	-	ECK2555	ECK2555-31-13	purL	aph(KEIO:purL)
31	14	-	-	ECK2555	ECK2555-31-14	purL	aph(KEIO:purL)
31	15	-	-	ECK1286	ECK1286-31-15	sapD	aph(KEIO:sapD)
31	16	-	-	ECK1286	ECK1286-31-16	sapD	aph(KEIO:sapD)
31	17	-	-	ECK2940	ECK2940-31-17	endA	aph(KEIO:endA)
31	18	-	-	ECK2940	ECK2940-31-18	endA	aph(KEIO:endA)
31	19	-	-	ECK1435	ECK1435-31-19	ydcT	aph(KEIO:ydcT)
31	20	-	-	ECK1435	ECK1435-31-20	ydcT	aph(KEIO:ydcT)
31	21	-	-	ECK4239	ECK4239-31-21	pyrI	aph(KEIO:pyrI)
31	22	-	-	ECK4239	ECK4239-31-22	pyrI	aph(KEIO:pyrI)
31	23	-	-	ECK1506	ECK1506-31-23	lsrA	aph(KEIO:lsrA)
31	24	-	-	ECK1506	ECK1506-31-24	lsrA	aph(KEIO:lsrA)
31	25	-	-	ECK0481	ECK0481-31-25	cueR	aph(KEIO:cueR)
31	26	-	-	ECK0481	ECK0481-31-26	cueR	aph(KEIO:cueR)
31	27	-	-	ECK1734	ECK1734-31-27	chbA	aph(KEIO:chbA)
31	28	-	-	ECK1734	ECK1734-31-28	chbA	aph(KEIO:chbA)
31	29	-	-	ECK1384	ECK1384-31-29	paaZ	aph(KEIO:paaZ)
31	30	-	-	ECK1384	ECK1384-31-30	paaZ	aph(KEIO:paaZ)
31	31	-	-	ECK1860	ECK1860-31-31	znuB	aph(KEIO:znuB)
31	32	-	-	ECK1860	ECK1860-31-32	znuB	aph(KEIO:znuB)
31	33	-	-	empty	empty-31-33	empty	aph(KEIO:empty)
31	34	-	-	empty	empty-31-34	empty	aph(KEIO:empty)
31	35	-	-	ECK2091	ECK2091-31-35	yegT	aph(KEIO:yegT)
31	36	-	-	ECK2091	ECK2091-31-36	yegT	aph(KEIO:yegT)
31	37	-	-	ECK4009	ECK4009-31-37	arpA	aph(KEIO:arpA)
31	38	-	-	ECK4009	ECK4009-31-38	arpA	aph(KEIO:arpA)
31	39	-	-	ECK3715	ECK3715-31-39	bglF	aph(KEIO:bglF)
31	40	-	-	ECK3715	ECK3715-31-40	bglF	aph(KEIO:bglF)
31	41	-	-	ECK0620	ECK0620-31-41	tatE	aph(KEIO:tatE)
31	42	-	-	ECK0620	ECK0620-31-42	tatE	aph(KEIO:tatE)
31	43	-	-	ECK3900	ECK3900-31-43	rhaT	aph(KEIO:rhaT)
31	44	-	-	ECK3900	ECK3900-31-44	rhaT	aph(KEIO:rhaT)
31	45	-	-	ECK0740	ECK0740-31-45	pnuC	aph(KEIO:pnuC)
31	46	-	-	ECK0740	ECK0740-31-46	pnuC	aph(KEIO:pnuC)
31	47	-	-	ECK4024	ECK4024-31-47	malG	aph(KEIO:malG)
31	48	-	-	ECK4024	ECK4024-31-48	malG	aph(KEIO:malG)
32	1	-	-	ECK2941	ECK2941-32-1	rsmE	aph(KEIO:rsmE)
32	2	-	-	ECK2941	ECK2941-32-2	rsmE	aph(KEIO:rsmE)
32	3	-	-	ECK1342	ECK1342-32-3	intR	aph(KEIO:intR)
32	4	-	-	ECK1342	ECK1342-32-4	intR	aph(KEIO:intR)
32	5	-	-	ECK3109	ECK3109-32-5	yhaB	aph(KEIO:yhaB)
32	6	-	-	ECK3109	ECK3109-32-6	yhaB	aph(KEIO:yhaB)
32	7	-	-	ECK1546	ECK1546-32-7	cspI	aph(KEIO:cspI)
32	8	-	-	ECK1546	ECK1546-32-8	cspI	aph(KEIO:cspI)
32	9	-	-	ECK3235	ECK3235-32-9	rng	aph(KEIO:rng)
32	10	-	-	ECK3235	ECK3235-32-10	rng	aph(KEIO:rng)
32	11	-	-	ECK2055	ECK2055-32-11	wzb	aph(KEIO:wzb)
32	12	-	-	ECK2055	ECK2055-32-12	wzb	aph(KEIO:wzb)
32	13	-	-	ECK2885	ECK2885-32-13	lysS	aph(KEIO:lysS)
32	14	-	-	ECK2885	ECK2885-32-14	lysS	aph(KEIO:lysS)
32	15	-	-	ECK2364	ECK2364-32-15	emrK	aph(KEIO:emrK)
32	16	-	-	ECK2364	ECK2364-32-16	emrK	aph(KEIO:emrK)
32	17	-	-	ECK3580	ECK3580-32-17	selA	aph(KEIO:selA)
32	18	-	-	ECK3580	ECK3580-32-18	selA	aph(KEIO:selA)
32	19	-	-	ECK2864	ECK2864-32-19	xdhC	aph(KEIO:xdhC)
32	20	-	-	ECK2864	ECK2864-32-20	xdhC	aph(KEIO:xdhC)
32	21	-	-	ECK4123	ECK4123-32-21	lysU	aph(KEIO:lysU)
32	22	-	-	ECK4123	ECK4123-32-22	lysU	aph(KEIO:lysU)
32	23	-	-	ECK3488	ECK3488-32-23	arsC	aph(KEIO:arsC)
32	24	-	-	ECK3488	ECK3488-32-24	arsC	aph(KEIO:arsC)
32	25	-	-	empty	empty-32-25	empty	aph(KEIO:empty)
32	26	-	-	empty	empty-32-26	empty	aph(KEIO:empty)
32	27	-	-	ECK3434	ECK3434-32-27	ugpC	aph(KEIO:ugpC)
32	28	-	-	ECK3434	ECK3434-32-28	ugpC	aph(KEIO:ugpC)
32	29	-	-	ECK3023	ECK3023-32-29	cpdA	aph(KEIO:cpdA)
32	30	-	-	ECK3023	ECK3023-32-30	cpdA	aph(KEIO:cpdA)
32	31	-	-	ECK3636	ECK3636-32-31	yicG	aph(KEIO:yicG)
32	32	-	-	ECK3636	ECK3636-32-32	yicG	aph(KEIO:yicG)
32	33	-	-	ECK0109	ECK0109-32-33	ampD	aph(KEIO:ampD)
32	34	-	-	ECK0109	ECK0109-32-34	ampD	aph(KEIO:ampD)
32	35	-	-	ECK3860	ECK3860-32-35	hemN	aph(KEIO:hemN)
32	36	-	-	ECK3860	ECK3860-32-36	hemN	aph(KEIO:hemN)
32	37	-	-	ECK0473	ECK0473-32-37	fsr	aph(KEIO:fsr)
32	38	-	-	ECK0473	ECK0473-32-38	fsr	aph(KEIO:fsr)
32	39	-	-	ECK4074	ECK4074-32-39	sdsQ	aph(KEIO:sdsQ)
32	40	-	-	ECK4074	ECK4074-32-40	sdsQ	aph(KEIO:sdsQ)
32	41	-	-	ECK0719	ECK0719-32-41	mngA	aph(KEIO:mngA)
32	42	-	-	ECK0719	ECK0719-32-42	mngA	aph(KEIO:mngA)
32	43	-	-	ECK4280	ECK4280-32-43	fecB	aph(KEIO:fecB)
32	44	-	-	ECK4280	ECK4280-32-44	fecB	aph(KEIO:fecB)
32	45	-	-	ECK0980	ECK0980-32-45	cspG	aph(KEIO:cspG)
32	46	-	-	ECK0980	ECK0980-32-46	cspG	aph(KEIO:cspG)
32	47	-	-	ECK4192	ECK4192-32-47	ulaD	aph(KEIO:ulaD)
32	48	-	-	ECK4192	ECK4192-32-48	ulaD	aph(KEIO:ulaD)
